"Date","Price","Open","High","Low","Change %"
"Jan 04, 2010","30.3100","30.3135","30.3140","30.3130","-0.00"
"Jan 05, 2010","29.9235","30.1188","30.1208","29.9080","-1.28"
"Jan 06, 2010","29.8635","29.9270","29.9285","29.8588","-0.20"
"Jan 07, 2010","29.8640","29.8673","29.8675","29.8675","0.00"
"Jan 08, 2010","29.8640","29.8675","29.8675","29.8675","0.00"
"Jan 11, 2010","29.3210","29.8675","29.8800","29.2765","-1.82"
"Jan 12, 2010","29.5160","29.3220","29.5953","29.3156","0.67"
"Jan 13, 2010","29.5500","29.5303","29.6850","29.4950","0.12"
"Jan 14, 2010","29.4400","29.5615","29.5858","29.3537","-0.37"
"Jan 15, 2010","29.5500","29.4550","29.6063","29.4450","0.37"
"Jan 18, 2010","29.5980","29.5700","29.6658","29.5443","0.16"
"Jan 19, 2010","29.5930","29.6055","29.7423","29.4906","-0.02"
"Jan 20, 2010","29.7627","29.5995","29.7810","29.5998","0.57"
"Jan 21, 2010","29.7575","29.7618","29.8710","29.6817","-0.02"
"Jan 22, 2010","29.8615","29.7635","29.8995","29.6934","0.35"
"Jan 25, 2010","30.1111","29.9483","30.1772","29.9547","0.84"
"Jan 26, 2010","30.3472","30.1136","30.4452","30.0822","0.78"
"Jan 27, 2010","30.3265","30.3411","30.3713","30.2296","-0.07"
"Jan 28, 2010","30.3655","30.3272","30.4180","30.2518","0.13"
"Jan 29, 2010","30.3678","30.3583","30.4888","30.2543","0.01"
"Feb 01, 2010","30.2925","30.3744","30.4570","30.2938","-0.25"
"Feb 02, 2010","30.0700","30.2968","30.3363","30.0650","-0.73"
"Feb 03, 2010","29.9915","30.0650","30.0850","29.8187","-0.26"
"Feb 04, 2010","30.1725","29.9953","30.1963","29.9591","0.60"
"Feb 05, 2010","30.3575","30.1778","30.5537","30.1753","0.61"
"Feb 08, 2010","30.5295","30.3610","30.5785","30.3610","0.57"
"Feb 09, 2010","30.3900","30.5333","30.5410","30.3138","-0.46"
"Feb 10, 2010","30.2610","30.3885","30.4070","30.1933","-0.42"
"Feb 11, 2010","30.1730","30.2673","30.2863","30.1040","-0.29"
"Feb 12, 2010","30.2055","30.1738","30.4046","30.1210","0.11"
"Feb 15, 2010","30.2284","30.2350","30.2850","30.1898","0.08"
"Feb 16, 2010","30.0043","30.2323","30.2416","29.9923","-0.74"
"Feb 17, 2010","30.1214","30.0064","30.1430","29.9310","0.39"
"Feb 18, 2010","29.9961","30.1262","30.1805","29.9585","-0.42"
"Feb 19, 2010","29.9704","30.0553","30.2210","29.9375","-0.09"
"Feb 22, 2010","29.9815","29.9271","29.9910","29.9039","0.04"
"Feb 23, 2010","29.9865","29.9853","29.9935","29.9845","0.02"
"Feb 24, 2010","30.0381","30.0483","30.1145","29.9293","0.17"
"Feb 25, 2010","30.0018","30.0291","30.1344","29.9874","-0.12"
"Feb 26, 2010","29.9300","30.0087","30.0850","29.8595","-0.24"
"Mar 01, 2010","29.9210","29.9395","30.0455","29.8520","-0.03"
"Mar 02, 2010","29.8270","29.9325","30.0570","29.8085","-0.31"
"Mar 03, 2010","29.7765","29.8269","29.8887","29.7300","-0.17"
"Mar 04, 2010","29.8545","29.7872","29.8999","29.7393","0.26"
"Mar 05, 2010","29.7590","29.8565","29.9043","29.7495","-0.32"
"Mar 08, 2010","29.7547","29.7603","29.7880","29.6720","-0.01"
"Mar 09, 2010","29.7330","29.7594","29.8262","29.7010","-0.07"
"Mar 10, 2010","29.5538","29.7423","29.7691","29.5070","-0.60"
"Mar 11, 2010","29.4530","29.5583","29.5905","29.4470","-0.34"
"Mar 12, 2010","29.2881","29.4593","29.4853","29.2640","-0.56"
"Mar 15, 2010","29.4213","29.2683","29.4795","29.2685","0.45"
"Mar 16, 2010","29.2805","29.4304","29.4593","29.2670","-0.48"
"Mar 17, 2010","29.1715","29.2863","29.3063","29.1215","-0.37"
"Mar 18, 2010","29.3035","29.1770","29.3363","29.1655","0.45"
"Mar 19, 2010","29.3370","29.3158","29.3425","29.2295","0.11"
"Mar 22, 2010","29.5270","29.3388","29.6763","29.2975","0.65"
"Mar 23, 2010","29.5380","29.5288","29.5760","29.3988","0.04"
"Mar 24, 2010","29.6985","29.5518","29.7233","29.5338","0.54"
"Mar 25, 2010","29.6040","29.6953","29.7350","29.4830","-0.32"
"Mar 26, 2010","29.5935","29.6088","29.6630","29.4913","-0.04"
"Mar 29, 2010","29.4830","29.5810","29.7358","29.4825","-0.37"
"Mar 30, 2010","29.5070","29.4915","29.5450","29.3305","0.08"
"Mar 31, 2010","29.4320","29.5140","29.5550","29.3935","-0.25"
"Apr 01, 2010","29.2500","29.4420","29.4695","29.2450","-0.62"
"Apr 02, 2010","29.2400","29.2600","29.2750","29.1790","-0.03"
"Apr 05, 2010","29.1970","29.2450","29.2475","29.1430","-0.15"
"Apr 06, 2010","29.3200","29.2000","29.3830","29.1785","0.42"
"Apr 07, 2010","29.3190","29.3300","29.3758","29.2600","-0.00"
"Apr 08, 2010","29.4150","29.3255","29.4858","29.3060","0.33"
"Apr 09, 2010","29.1300","29.4200","29.4508","29.1320","-0.97"
"Apr 12, 2010","29.0130","29.1300","29.1310","28.9044","-0.40"
"Apr 13, 2010","29.0420","29.0155","29.1310","28.9985","0.10"
"Apr 14, 2010","28.9440","29.0455","29.0758","28.9093","-0.34"
"Apr 15, 2010","28.9965","28.9510","29.0838","28.9060","0.18"
"Apr 16, 2010","29.0675","29.0058","29.1015","28.9790","0.24"
"Apr 19, 2010","29.1350","29.0750","29.2897","29.0450","0.23"
"Apr 20, 2010","29.1420","29.1525","29.2093","29.0750","0.02"
"Apr 21, 2010","29.1319","29.1423","29.1865","29.0540","-0.03"
"Apr 22, 2010","29.2201","29.1275","29.2675","29.0951","0.30"
"Apr 23, 2010","29.1030","29.2300","29.3425","29.0835","-0.40"
"Apr 26, 2010","29.0250","29.1554","29.1760","29.0265","-0.27"
"Apr 27, 2010","29.3650","29.0383","29.3848","29.0060","1.17"
"Apr 28, 2010","29.3376","29.3820","29.4615","29.2699","-0.09"
"Apr 29, 2010","29.2535","29.3495","29.3825","29.1938","-0.29"
"Apr 30, 2010","29.2260","29.2331","29.2658","29.0880","-0.09"
"May 03, 2010","29.2985","29.1670","29.3295","29.1760","0.25"
"May 04, 2010","29.6028","29.3023","29.6079","29.2660","1.04"
"May 05, 2010","30.0540","29.6053","30.1125","29.5850","1.52"
"May 06, 2010","30.6560","30.0498","30.7640","30.0444","2.00"
"May 07, 2010","30.4694","30.6958","30.8471","30.3765","-0.61"
"May 10, 2010","30.4396","30.3528","30.4700","30.2464","-0.10"
"May 11, 2010","30.2270","30.4338","30.5201","30.1315","-0.70"
"May 12, 2010","30.0165","30.2690","30.3418","29.9083","-0.70"
"May 13, 2010","30.0460","30.0214","30.0702","29.8358","0.10"
"May 14, 2010","30.3425","30.0544","30.3663","30.0120","0.99"
"May 17, 2010","30.5305","30.3750","30.8412","30.3450","0.62"
"May 18, 2010","30.5390","30.5370","30.6370","30.2300","0.03"
"May 19, 2010","30.6230","30.5300","30.9750","30.4910","0.28"
"May 20, 2010","31.4565","30.6350","31.5433","30.6245","2.72"
"May 21, 2010","31.0875","31.4480","31.4700","30.8670","-1.17"
"May 24, 2010","31.0615","31.1223","31.1965","30.7616","-0.08"
"May 25, 2010","31.4200","31.0568","31.6893","31.0595","1.15"
"May 26, 2010","31.1900","31.4260","31.5450","31.0625","-0.73"
"May 27, 2010","30.6485","31.2093","31.2260","30.6205","-1.74"
"May 28, 2010","30.6690","30.6598","30.7663","30.3710","0.07"
"May 31, 2010","30.8860","30.6970","30.9560","30.6615","0.71"
"Jun 01, 2010","31.1174","30.8920","31.3880","30.8835","0.75"
"Jun 02, 2010","31.1535","31.1192","31.2675","31.0620","0.12"
"Jun 03, 2010","31.1550","31.1608","31.2050","30.8140","0.00"
"Jun 04, 2010","31.5325","31.1588","31.5463","30.9631","1.21"
"Jun 07, 2010","31.8560","31.5250","31.8817","31.5250","1.03"
"Jun 08, 2010","31.7915","31.8498","31.9488","31.5482","-0.20"
"Jun 09, 2010","31.6840","31.7962","31.8610","31.5669","-0.34"
"Jun 10, 2010","31.5625","31.6945","31.7523","31.4325","-0.38"
"Jun 11, 2010","31.6025","31.5500","31.6090","31.3755","0.13"
"Jun 14, 2010","31.6585","31.6078","31.6643","31.6073","0.18"
"Jun 15, 2010","31.2793","31.6615","31.7090","31.2475","-1.20"
"Jun 16, 2010","31.2083","31.2775","31.3233","31.1290","-0.23"
"Jun 17, 2010","30.9400","31.2158","31.2850","30.8935","-0.86"
"Jun 18, 2010","30.9745","30.9450","31.0578","30.7911","0.11"
"Jun 21, 2010","30.8512","30.9629","30.9815","30.6729","-0.40"
"Jun 22, 2010","30.9116","30.8413","31.0408","30.8150","0.20"
"Jun 23, 2010","30.9901","30.9227","31.1350","30.9067","0.25"
"Jun 24, 2010","31.0400","30.9940","31.1865","30.9578","0.16"
"Jun 25, 2010","30.9900","31.0450","31.2568","30.9733","-0.16"
"Jun 28, 2010","31.0590","31.0003","31.0810","30.9460","0.22"
"Jun 29, 2010","31.3375","31.0700","31.3505","31.0475","0.90"
"Jun 30, 2010","31.2590","31.3335","31.3590","31.1365","-0.25"
"Jul 01, 2010","31.0300","31.2663","31.4135","31.0250","-0.73"
"Jul 02, 2010","31.0860","31.0350","31.2775","31.0250","0.18"
"Jul 05, 2010","31.1380","31.1015","31.1858","31.0855","0.17"
"Jul 06, 2010","30.9935","31.1478","31.2250","30.9500","-0.46"
"Jul 07, 2010","31.0205","30.9940","31.1672","30.9825","0.09"
"Jul 08, 2010","30.8430","31.0165","31.0393","30.8160","-0.57"
"Jul 09, 2010","30.8700","30.8342","30.9358","30.7360","0.09"
"Jul 12, 2010","30.7770","30.8800","30.9458","30.7608","-0.30"
"Jul 13, 2010","30.5745","30.7775","30.8898","30.5550","-0.66"
"Jul 14, 2010","30.5455","30.5920","30.6358","30.4950","-0.09"
"Jul 15, 2010","30.3720","30.5600","30.6075","30.3491","-0.57"
"Jul 16, 2010","30.5005","30.3720","30.5280","30.3565","0.42"
"Jul 19, 2010","30.5090","30.5260","30.6259","30.4633","0.03"
"Jul 20, 2010","30.4880","30.5203","30.5783","30.3685","-0.07"
"Jul 21, 2010","30.4970","30.4993","30.5460","30.3705","0.03"
"Jul 22, 2010","30.3470","30.5215","30.5731","30.3165","-0.49"
"Jul 23, 2010","30.3300","30.3640","30.5100","30.2365","-0.06"
"Jul 26, 2010","30.2200","30.3550","30.4000","30.2120","-0.36"
"Jul 27, 2010","30.2135","30.2475","30.2875","30.0635","-0.02"
"Jul 28, 2010","30.2340","30.2245","30.2813","30.0680","0.07"
"Jul 29, 2010","30.1605","30.2500","30.2650","30.0750","-0.24"
"Jul 30, 2010","30.2600","30.1748","30.3288","30.1245","0.33"
"Aug 02, 2010","29.9580","30.2500","30.2850","29.9493","-1.00"
"Aug 03, 2010","29.7420","29.9763","30.0610","29.6659","-0.72"
"Aug 04, 2010","29.8155","29.7395","29.9031","29.7108","0.25"
"Aug 05, 2010","29.8362","29.8228","29.9130","29.7544","0.07"
"Aug 06, 2010","29.7725","29.8419","29.8952","29.7143","-0.21"
"Aug 09, 2010","29.9175","29.7563","29.9550","29.7365","0.49"
"Aug 10, 2010","30.0165","29.9020","30.1410","29.8063","0.33"
"Aug 11, 2010","30.4692","30.0163","30.5135","29.9208","1.51"
"Aug 12, 2010","30.6018","30.4504","30.6590","30.3681","0.44"
"Aug 13, 2010","30.5450","30.5987","30.6100","30.3895","-0.19"
"Aug 16, 2010","30.5020","30.5420","30.6038","30.4225","-0.14"
"Aug 17, 2010","30.4100","30.5038","30.5405","30.3313","-0.30"
"Aug 18, 2010","30.4198","30.3975","30.4650","30.3389","0.03"
"Aug 19, 2010","30.4886","30.4425","30.5570","30.3790","0.23"
"Aug 20, 2010","30.6303","30.5001","30.6950","30.4700","0.46"
"Aug 23, 2010","30.6906","30.6438","30.7300","30.5652","0.20"
"Aug 24, 2010","30.8720","30.6995","30.9550","30.6893","0.59"
"Aug 25, 2010","30.9255","30.8691","30.9920","30.7976","0.17"
"Aug 26, 2010","30.7020","30.9388","30.9513","30.6623","-0.72"
"Aug 27, 2010","30.6335","30.7313","30.7603","30.6288","-0.22"
"Aug 30, 2010","30.6765","30.6600","30.7258","30.6112","0.14"
"Aug 31, 2010","30.8250","30.6803","30.9025","30.6700","0.48"
"Sep 01, 2010","30.7090","30.8250","30.8570","30.6838","-0.38"
"Sep 02, 2010","30.6970","30.7298","30.7763","30.6440","-0.04"
"Sep 03, 2010","30.5818","30.6993","30.7360","30.5828","-0.38"
"Sep 06, 2010","30.6155","30.5933","30.6463","30.5522","0.11"
"Sep 07, 2010","30.9075","30.6125","30.9363","30.6098","0.95"
"Sep 08, 2010","30.8495","30.9095","30.9637","30.8005","-0.19"
"Sep 09, 2010","30.8730","30.8515","30.9354","30.7938","0.08"
"Sep 10, 2010","30.9345","30.8933","30.9643","30.8315","0.20"
"Sep 13, 2010","30.6585","30.9033","30.9138","30.6325","-0.89"
"Sep 14, 2010","30.5845","30.6578","30.8188","30.5358","-0.24"
"Sep 15, 2010","30.9500","30.5814","31.0035","30.5477","1.20"
"Sep 16, 2010","31.2170","30.9583","31.3738","30.8725","0.86"
"Sep 17, 2010","30.9650","31.2318","31.2515","30.9350","-0.81"
"Sep 20, 2010","31.0817","30.9690","31.1238","30.9175","0.38"
"Sep 21, 2010","30.8949","31.0967","31.1368","30.8688","-0.60"
"Sep 22, 2010","30.9840","30.8892","31.0800","30.8320","0.29"
"Sep 23, 2010","31.0210","31.0048","31.0830","30.8365","0.12"
"Sep 24, 2010","30.7420","31.0360","31.0825","30.7440","-0.90"
"Sep 27, 2010","30.5555","30.7633","30.7690","30.4990","-0.61"
"Sep 28, 2010","30.4000","30.5604","30.6567","30.3743","-0.51"
"Sep 29, 2010","30.4020","30.3942","30.4524","30.3555","0.01"
"Sep 30, 2010","30.5814","30.4245","30.6610","30.3975","0.59"
"Oct 01, 2010","30.4850","30.5893","30.6200","30.4295","-0.32"
"Oct 04, 2010","30.4684","30.4583","30.5680","30.4025","-0.05"
"Oct 05, 2010","30.0200","30.4903","30.5430","29.9965","-1.47"
"Oct 06, 2010","29.7850","30.0280","30.0493","29.7600","-0.78"
"Oct 07, 2010","29.8369","29.7962","29.8865","29.5644","0.17"
"Oct 08, 2010","29.8530","29.8188","30.0395","29.7470","0.05"
"Oct 11, 2010","29.9284","29.8815","29.9562","29.7605","0.25"
"Oct 12, 2010","29.9917","29.9309","30.2518","29.9106","0.21"
"Oct 13, 2010","30.0950","30.0028","30.2345","29.9278","0.34"
"Oct 14, 2010","30.0499","30.1150","30.1228","29.8750","-0.15"
"Oct 15, 2010","30.2855","30.0529","30.3475","30.0421","0.78"
"Oct 18, 2010","30.4110","30.2993","30.6275","30.3005","0.41"
"Oct 19, 2010","30.7195","30.4328","30.7585","30.3470","1.01"
"Oct 20, 2010","30.6625","30.7405","30.9050","30.6465","-0.19"
"Oct 21, 2010","30.6550","30.6803","30.8045","30.5428","-0.02"
"Oct 22, 2010","30.3310","30.6645","30.7080","30.3360","-1.06"
"Oct 25, 2010","30.2840","30.3723","30.4035","30.1690","-0.15"
"Oct 26, 2010","30.4505","30.2990","30.5065","30.2820","0.55"
"Oct 27, 2010","30.6955","30.4680","30.7655","30.4462","0.80"
"Oct 28, 2010","30.5938","30.7103","30.7828","30.5821","-0.33"
"Oct 29, 2010","30.8430","30.6026","30.9000","30.5757","0.81"
"Nov 01, 2010","30.7890","30.8274","30.8975","30.6817","-0.18"
"Nov 02, 2010","30.7575","30.8165","30.8380","30.7191","-0.10"
"Nov 03, 2010","30.7920","30.7725","30.8410","30.7100","0.11"
"Nov 04, 2010","30.7460","30.7860","30.7845","30.7555","-0.15"
"Nov 05, 2010","30.7490","30.7670","30.7680","30.7570","0.01"
"Nov 08, 2010","30.8065","30.7695","30.8601","30.7365","0.19"
"Nov 09, 2010","30.7935","30.8165","30.9185","30.5655","-0.04"
"Nov 10, 2010","30.6403","30.8093","30.8565","30.6060","-0.50"
"Nov 11, 2010","30.6307","30.6464","30.6815","30.4658","-0.03"
"Nov 12, 2010","30.8010","30.6314","30.8549","30.6213","0.56"
"Nov 15, 2010","30.9810","30.8119","31.0159","30.7874","0.58"
"Nov 16, 2010","31.2275","30.9948","31.2900","30.9690","0.80"
"Nov 17, 2010","31.3250","31.2485","31.4203","31.1967","0.31"
"Nov 18, 2010","31.0300","31.3368","31.3391","30.9970","-0.94"
"Nov 19, 2010","31.0890","31.0350","31.1375","30.9075","0.19"
"Nov 22, 2010","31.1180","31.0755","31.1900","30.9490","0.09"
"Nov 23, 2010","31.4200","31.1360","31.4483","31.1069","0.97"
"Nov 24, 2010","31.3190","31.4393","31.4536","31.2245","-0.32"
"Nov 25, 2010","31.1778","31.3365","31.3770","31.1394","-0.45"
"Nov 26, 2010","31.3853","31.1774","31.5185","31.1631","0.67"
"Nov 29, 2010","31.3910","31.3842","31.4520","31.2390","0.02"
"Nov 30, 2010","31.5316","31.3486","31.5658","31.2758","0.45"
"Dec 01, 2010","31.3490","31.5350","31.5738","31.3200","-0.58"
"Dec 02, 2010","31.2010","31.3743","31.5133","31.1995","-0.47"
"Dec 03, 2010","31.2320","31.2153","31.3388","31.1785","0.10"
"Dec 06, 2010","31.2140","31.2320","31.3458","31.1875","-0.06"
"Dec 07, 2010","31.1190","31.2158","31.2880","30.9660","-0.30"
"Dec 08, 2010","31.0340","31.1400","31.2835","31.0210","-0.27"
"Dec 09, 2010","30.9265","31.0525","31.0765","30.9000","-0.35"
"Dec 10, 2010","30.9245","30.9445","30.9883","30.8295","-0.01"
"Dec 13, 2010","30.7120","30.9420","30.9870","30.6430","-0.69"
"Dec 14, 2010","30.7150","30.6983","30.7772","30.6515","0.01"
"Dec 15, 2010","30.8150","30.7300","30.8450","30.6042","0.33"
"Dec 16, 2010","30.7123","30.8169","30.8373","30.6905","-0.33"
"Dec 17, 2010","30.7900","30.7223","30.8290","30.6495","0.25"
"Dec 20, 2010","30.8421","30.8010","30.8671","30.7445","0.17"
"Dec 21, 2010","30.7260","30.8421","30.8471","30.6672","-0.38"
"Dec 22, 2010","30.6385","30.7480","30.7671","30.6037","-0.28"
"Dec 23, 2010","30.5560","30.6421","30.7007","30.5494","-0.27"
"Dec 24, 2010","30.4620","30.5607","30.5969","30.4010","-0.31"
"Dec 27, 2010","30.3090","30.4708","30.5190","30.3225","-0.50"
"Dec 28, 2010","30.3423","30.3288","30.3732","30.1950","0.11"
"Dec 29, 2010","30.4510","30.3430","30.5175","30.3178","0.36"
"Dec 30, 2010","30.5593","30.4150","30.6250","30.3415","0.36"
"Dec 31, 2010","30.5720","30.5587","30.5895","30.4704","0.04"
"Jan 03, 2011","30.5320","30.5920","30.6785","30.5270","-0.13"
"Jan 04, 2011","30.5780","30.5360","30.5985","30.5335","0.15"
"Jan 05, 2011","30.6280","30.5945","30.6555","30.5905","0.16"
"Jan 06, 2011","30.6900","30.6570","30.7175","30.6500","0.20"
"Jan 07, 2011","30.7520","30.7190","30.7795","30.7120","0.20"
"Jan 10, 2011","30.7500","30.7735","30.7500","30.7500","-0.01"
"Jan 11, 2011","30.5229","30.7644","30.7369","30.5132","-0.74"
"Jan 12, 2011","30.0855","30.5214","30.5372","30.0955","-1.43"
"Jan 13, 2011","29.9270","30.0995","30.1518","29.9190","-0.53"
"Jan 14, 2011","29.9901","29.9438","30.0967","29.9175","0.21"
"Jan 17, 2011","29.9817","30.0267","30.0967","29.9338","-0.03"
"Jan 18, 2011","29.8922","29.9834","30.0009","29.8139","-0.30"
"Jan 19, 2011","29.8347","29.9005","29.9425","29.7698","-0.19"
"Jan 20, 2011","30.0045","29.8350","30.0805","29.8123","0.57"
"Jan 21, 2011","29.8717","29.9953","30.0614","29.8667","-0.44"
"Jan 24, 2011","29.8325","29.8567","29.9273","29.8028","-0.13"
"Jan 25, 2011","29.7065","29.8475","29.8610","29.6978","-0.42"
"Jan 26, 2011","29.7030","29.7135","29.8175","29.6925","-0.01"
"Jan 27, 2011","29.5800","29.7168","29.7332","29.5568","-0.41"
"Jan 28, 2011","29.8118","29.5860","29.8375","29.5765","0.78"
"Jan 31, 2011","29.7850","29.8168","29.8798","29.7395","-0.09"
"Feb 01, 2011","29.5217","29.7943","29.8122","29.5267","-0.88"
"Feb 02, 2011","29.4300","29.5317","29.5369","29.3950","-0.31"
"Feb 03, 2011","29.4265","29.4393","29.4725","29.2670","-0.01"
"Feb 04, 2011","29.3976","29.4410","29.4780","29.3320","-0.10"
"Feb 07, 2011","29.2640","29.4342","29.4482","29.2477","-0.45"
"Feb 08, 2011","29.2600","29.2713","29.3169","29.1963","-0.01"
"Feb 09, 2011","29.2370","29.2654","29.3501","29.2278","-0.08"
"Feb 10, 2011","29.3340","29.2545","29.4004","29.2396","0.33"
"Feb 11, 2011","29.3020","29.3518","29.4055","29.2555","-0.11"
"Feb 14, 2011","29.2730","29.3368","29.3568","29.1925","-0.10"
"Feb 15, 2011","29.3155","29.2863","29.3492","29.2269","0.15"
"Feb 16, 2011","29.1985","29.3338","29.3468","29.1919","-0.40"
"Feb 17, 2011","29.2290","29.2113","29.2930","29.1697","0.10"
"Feb 18, 2011","29.1040","29.2510","29.2788","29.1330","-0.43"
"Feb 21, 2011","29.1470","29.1209","29.1955","29.1070","0.15"
"Feb 22, 2011","29.2799","29.1600","29.3269","29.1375","0.46"
"Feb 23, 2011","29.1789","29.2812","29.3092","29.1300","-0.34"
"Feb 24, 2011","28.9620","29.1794","29.2495","28.9500","-0.74"
"Feb 25, 2011","28.9419","28.9838","28.9953","28.8925","-0.07"
"Feb 28, 2011","28.8730","28.9360","28.9515","28.7817","-0.24"
"Mar 01, 2011","28.7442","28.8688","28.8771","28.6595","-0.45"
"Mar 02, 2011","28.3760","28.7494","28.7971","28.3575","-1.28"
"Mar 03, 2011","28.1675","28.3878","28.4095","28.1292","-0.73"
"Mar 04, 2011","28.1710","28.1768","28.2480","28.1033","0.01"
"Mar 07, 2011","28.1610","28.1642","28.1964","28.1535","-0.04"
"Mar 08, 2011","28.1610","28.1835","28.1610","28.1610","0.00"
"Mar 09, 2011","28.3611","28.5630","28.6615","28.2060","0.71"
"Mar 10, 2011","28.6065","28.3660","28.6395","28.3438","0.87"
"Mar 11, 2011","28.6610","28.6215","28.7810","28.5299","0.19"
"Mar 14, 2011","28.5065","28.6770","28.6988","28.4838","-0.54"
"Mar 15, 2011","28.7080","28.5080","28.9513","28.4888","0.71"
"Mar 16, 2011","28.6720","28.7228","28.7707","28.6140","-0.13"
"Mar 17, 2011","28.6275","28.6868","28.7620","28.5650","-0.16"
"Mar 18, 2011","28.4319","28.6350","28.6895","28.4255","-0.68"
"Mar 21, 2011","28.2360","28.4419","28.4620","28.2495","-0.69"
"Mar 22, 2011","28.2080","28.2533","28.2740","28.1208","-0.10"
"Mar 23, 2011","28.3850","28.2265","28.4010","28.2185","0.63"
"Mar 24, 2011","28.2760","28.3925","28.4569","28.2320","-0.38"
"Mar 25, 2011","28.2760","28.3018","28.3258","28.1750","0.00"
"Mar 28, 2011","28.3360","28.3340","28.4410","28.3041","0.21"
"Mar 29, 2011","28.3460","28.3415","28.4380","28.2906","0.04"
"Mar 30, 2011","28.5220","28.3590","28.6115","28.3320","0.62"
"Mar 31, 2011","28.4300","28.5220","28.5640","28.3295","-0.32"
"Apr 01, 2011","28.2618","28.4385","28.4710","28.2668","-0.59"
"Apr 04, 2011","28.2890","28.2668","28.3358","28.2000","0.10"
"Apr 05, 2011","28.2740","28.3118","28.3890","28.2568","-0.05"
"Apr 06, 2011","28.1460","28.2813","28.2982","28.1508","-0.45"
"Apr 07, 2011","28.2090","28.1610","28.3110","28.1538","0.22"
"Apr 08, 2011","27.9619","28.2153","28.2343","27.9669","-0.88"
"Apr 11, 2011","28.0330","27.9602","28.0770","27.9327","0.25"
"Apr 12, 2011","28.1330","28.0394","28.1875","28.0261","0.36"
"Apr 13, 2011","28.1960","28.1325","28.2430","28.0630","0.22"
"Apr 14, 2011","28.1890","28.2098","28.3208","28.1220","-0.02"
"Apr 15, 2011","28.1312","28.2113","28.2580","28.0865","-0.21"
"Apr 18, 2011","28.3320","28.1506","28.3970","28.1163","0.71"
"Apr 19, 2011","28.2920","28.3840","28.5075","28.2770","-0.14"
"Apr 20, 2011","28.0600","28.3050","28.3180","28.0493","-0.82"
"Apr 21, 2011","27.9885","28.0730","28.0915","27.8340","-0.25"
"Apr 22, 2011","28.0021","28.0028","28.0372","27.9132","0.05"
"Apr 25, 2011","27.8575","28.0070","28.0285","27.8123","-0.52"
"Apr 26, 2011","27.7605","27.8629","27.9775","27.7630","-0.35"
"Apr 27, 2011","27.5870","27.7758","27.7972","27.5703","-0.62"
"Apr 28, 2011","27.4990","27.5833","27.6053","27.4635","-0.32"
"Apr 29, 2011","27.3920","27.5280","27.5595","27.2360","-0.39"
"May 02, 2011","27.4055","27.3850","27.4418","27.3755","0.05"
"May 03, 2011","27.3300","27.4225","27.4405","27.2800","-0.28"
"May 04, 2011","27.3450","27.3475","27.4118","27.1355","0.05"
"May 05, 2011","27.5360","27.3590","27.5785","27.2065","0.70"
"May 06, 2011","27.9023","27.5595","27.9073","27.5340","1.33"
"May 09, 2011","27.8823","27.8723","27.9473","27.8073","-0.07"
"May 10, 2011","27.7050","27.8899","27.9580","27.6944","-0.64"
"May 11, 2011","27.8660","27.7017","27.8808","27.5806","0.58"
"May 12, 2011","27.9200","27.8648","28.0810","27.8200","0.19"
"May 13, 2011","28.1123","27.9430","28.1373","27.7760","0.69"
"May 16, 2011","28.1491","28.0647","28.2387","28.0558","0.13"
"May 17, 2011","28.1323","28.1468","28.2573","28.0716","-0.06"
"May 18, 2011","28.0523","28.1423","28.1473","27.9587","-0.28"
"May 19, 2011","27.9520","28.0523","28.0895","27.9260","-0.36"
"May 20, 2011","28.1223","27.9545","28.1473","27.8480","0.61"
"May 23, 2011","28.4820","28.0742","28.5542","28.1473","1.28"
"May 24, 2011","28.3380","28.4950","28.5465","28.3076","-0.51"
"May 25, 2011","28.4125","28.3567","28.5275","28.3380","0.26"
"May 26, 2011","28.1840","28.4273","28.4460","28.1675","-0.80"
"May 27, 2011","28.2025","28.2254","28.2571","27.9981","0.07"
"May 30, 2011","28.0570","28.0270","28.1010","28.0004","-0.52"
"May 31, 2011","27.9663","28.0715","28.0788","27.9292","-0.32"
"Jun 01, 2011","28.0165","27.9704","28.0370","27.8648","0.18"
"Jun 02, 2011","27.8830","28.0188","28.0700","27.8447","-0.48"
"Jun 03, 2011","27.7679","27.8664","27.9745","27.7626","-0.41"
"Jun 06, 2011","27.8435","27.7873","27.8786","27.7430","0.27"
"Jun 07, 2011","27.6930","27.8558","27.8615","27.6950","-0.54"
"Jun 08, 2011","27.7365","27.7045","27.7775","27.6655","0.16"
"Jun 09, 2011","27.7813","27.7458","27.8249","27.6481","0.16"
"Jun 10, 2011","27.9890","27.7807","28.0340","27.7200","0.75"
"Jun 13, 2011","27.9175","28.0270","28.0343","27.9185","-0.26"
"Jun 14, 2011","27.8635","27.9325","27.9695","27.8091","-0.19"
"Jun 15, 2011","28.0915","27.8810","28.1186","27.8523","0.82"
"Jun 16, 2011","28.0990","28.1020","28.2865","28.0745","0.03"
"Jun 17, 2011","28.0218","28.1040","28.2315","27.9929","-0.27"
"Jun 20, 2011","28.0854","28.0751","28.2174","28.0593","0.23"
"Jun 21, 2011","27.9190","28.0873","28.0975","27.9079","-0.59"
"Jun 22, 2011","27.9945","27.9363","28.0375","27.8642","0.27"
"Jun 23, 2011","28.1357","27.9977","28.3301","27.9956","0.50"
"Jun 24, 2011","28.1965","28.1401","28.2902","28.0950","0.22"
"Jun 27, 2011","28.2195","28.2832","28.3975","28.2151","0.08"
"Jun 28, 2011","28.1070","28.2196","28.2677","28.0660","-0.40"
"Jun 29, 2011","28.0230","28.1055","28.1270","27.9625","-0.30"
"Jun 30, 2011","27.9210","27.9532","27.9500","27.8389","-0.36"
"Jul 01, 2011","27.8102","27.9002","27.9277","27.8139","-0.40"
"Jul 04, 2011","27.7889","27.8613","27.8550","27.7724","-0.08"
"Jul 05, 2011","27.8965","27.7927","27.9377","27.7799","0.39"
"Jul 06, 2011","27.9930","27.8971","28.0377","27.8550","0.35"
"Jul 07, 2011","27.9070","27.9927","28.0640","27.8825","-0.31"
"Jul 08, 2011","28.1920","27.9170","28.1973","27.8650","1.02"
"Jul 11, 2011","28.2130","28.0516","28.2817","28.0725","0.07"
"Jul 12, 2011","28.3325","28.2641","28.4582","28.2575","0.42"
"Jul 13, 2011","28.0280","28.3325","28.3478","28.0190","-1.07"
"Jul 14, 2011","28.1272","28.0290","28.1322","28.0075","0.35"
"Jul 15, 2011","28.0722","28.1272","28.1575","28.0618","-0.20"
"Jul 18, 2011","28.2526","28.0877","28.2576","28.0976","0.64"
"Jul 19, 2011","28.1950","28.2326","28.2350","27.9975","-0.20"
"Jul 20, 2011","28.1275","28.2013","28.2225","27.9350","-0.24"
"Jul 21, 2011","27.7400","28.1325","28.1425","27.7450","-1.38"
"Jul 22, 2011","27.7680","27.7350","27.8276","27.6690","0.10"
"Jul 25, 2011","27.7290","27.7775","27.7925","27.6853","-0.14"
"Jul 26, 2011","27.5050","27.6545","27.5980","27.4918","-0.81"
"Jul 27, 2011","27.5250","27.5003","27.5758","27.3975","0.07"
"Jul 28, 2011","27.5940","27.5390","27.6657","27.5000","0.25"
"Jul 29, 2011","27.6330","27.6052","27.7925","27.5980","0.14"
"Aug 01, 2011","27.7605","27.6272","27.8507","27.5007","0.46"
"Aug 02, 2011","27.8326","27.7708","27.8884","27.7184","0.26"
"Aug 03, 2011","27.8335","27.8426","27.9534","27.7670","0.00"
"Aug 04, 2011","28.1715","27.8453","28.2138","27.8012","1.21"
"Aug 05, 2011","28.0650","28.2000","28.4255","28.0500","-0.38"
"Aug 08, 2011","28.9926","28.4841","29.0376","28.3053","3.31"
"Aug 09, 2011","29.5456","29.0576","30.1775","29.0776","1.91"
"Aug 10, 2011","29.9226","29.5798","29.9276","29.2300","1.28"
"Aug 11, 2011","29.8825","29.6326","29.9275","29.3150","-0.13"
"Aug 12, 2011","29.1961","29.8975","29.8070","29.0255","-2.30"
"Aug 15, 2011","28.6340","29.2026","29.5176","28.6050","-1.93"
"Aug 16, 2011","28.6745","28.6388","28.8210","28.5450","0.14"
"Aug 17, 2011","28.7500","28.6945","28.8375","28.6288","0.26"
"Aug 18, 2011","29.1060","28.7645","29.2765","28.7511","1.24"
"Aug 19, 2011","29.2026","29.1168","29.3575","28.9625","0.33"
"Aug 22, 2011","29.0580","29.1976","29.3277","28.9995","-0.50"
"Aug 23, 2011","28.9627","29.0688","29.0975","28.8165","-0.33"
"Aug 24, 2011","28.9230","29.0227","29.0277","28.8400","-0.14"
"Aug 25, 2011","29.0790","28.9279","29.0839","28.7840","0.54"
"Aug 26, 2011","28.7988","28.9817","29.0075","28.7725","-0.96"
"Aug 29, 2011","28.7790","28.8487","28.9035","28.6860","-0.07"
"Aug 30, 2011","28.8870","28.7868","29.0314","28.6990","0.38"
"Aug 31, 2011","28.8280","28.9058","28.9682","28.8115","-0.20"
"Sep 01, 2011","28.9806","28.8490","29.0463","28.8155","0.53"
"Sep 02, 2011","29.1728","29.0048","29.2078","28.9350","0.66"
"Sep 05, 2011","29.4780","29.1231","29.5495","29.1100","1.05"
"Sep 06, 2011","29.6330","29.4824","29.6979","29.3993","0.53"
"Sep 07, 2011","29.4625","29.6584","29.6602","29.4000","-0.58"
"Sep 08, 2011","29.6945","29.4583","29.7253","29.4285","0.79"
"Sep 09, 2011","30.1625","29.7093","30.1675","29.6235","1.58"
"Sep 12, 2011","30.2425","30.1628","30.3877","30.0865","0.27"
"Sep 13, 2011","30.1850","30.3114","30.3388","30.1080","-0.19"
"Sep 14, 2011","30.4320","30.1987","30.4970","30.1380","0.82"
"Sep 15, 2011","30.4040","30.4525","30.5733","30.2320","-0.09"
"Sep 16, 2011","30.5480","30.4115","30.6213","30.3620","0.47"
"Sep 19, 2011","31.2770","30.5525","31.3413","30.5505","2.39"
"Sep 20, 2011","31.3970","31.3240","31.5858","31.2910","0.38"
"Sep 21, 2011","31.4410","31.4265","31.5828","31.3160","0.14"
"Sep 22, 2011","32.1390","31.4435","32.2075","31.3805","2.22"
"Sep 23, 2011","32.1015","32.1975","32.3525","31.9333","-0.12"
"Sep 26, 2011","32.3270","32.1347","32.5300","32.0803","0.70"
"Sep 27, 2011","31.7335","32.3555","32.4170","31.6365","-1.84"
"Sep 28, 2011","31.7815","31.7537","31.9090","31.6625","0.15"
"Sep 29, 2011","31.9090","31.8138","32.0523","31.6790","0.40"
"Sep 30, 2011","32.1790","31.9435","32.3010","31.9160","0.85"
"Oct 03, 2011","32.6770","32.1765","32.6975","32.0903","1.55"
"Oct 04, 2011","32.6270","32.6803","32.9040","32.6120","-0.15"
"Oct 05, 2011","32.4930","32.6407","32.7802","32.4680","-0.41"
"Oct 06, 2011","32.3061","32.5093","32.6175","32.2815","-0.58"
"Oct 07, 2011","32.1285","32.3279","32.3745","32.0119","-0.55"
"Oct 10, 2011","31.5190","32.0793","32.1303","31.4600","-1.90"
"Oct 11, 2011","31.5260","31.5365","31.7010","31.3170","0.02"
"Oct 12, 2011","31.0895","31.5405","31.6230","31.0103","-1.38"
"Oct 13, 2011","31.1575","31.1030","31.3338","31.0620","0.22"
"Oct 14, 2011","30.8640","31.1645","31.2355","30.7900","-0.94"
"Oct 17, 2011","30.9290","30.8550","30.9890","30.6025","0.21"
"Oct 18, 2011","31.1435","30.9610","31.4093","30.8748","0.69"
"Oct 19, 2011","31.0420","31.1390","31.1730","30.8430","-0.33"
"Oct 20, 2011","31.4325","31.0505","31.6380","31.0150","1.26"
"Oct 21, 2011","31.0950","31.4448","31.4640","31.0313","-1.07"
"Oct 24, 2011","30.5450","31.0755","31.0610","30.4993","-1.77"
"Oct 25, 2011","30.5290","30.5275","30.6305","30.4045","-0.05"
"Oct 26, 2011","30.6035","30.5495","30.7500","30.4520","0.24"
"Oct 27, 2011","29.9185","30.6280","30.6635","29.8475","-2.24"
"Oct 28, 2011","29.7200","29.9335","29.9745","29.6600","-0.66"
"Oct 31, 2011","30.2265","29.7155","30.2948","29.6448","1.70"
"Nov 01, 2011","30.7745","30.2288","30.9895","30.2300","1.81"
"Nov 02, 2011","30.6130","30.7695","30.8495","30.4583","-0.52"
"Nov 03, 2011","30.4769","30.6230","30.9387","30.4463","-0.44"
"Nov 04, 2011","30.5032","30.4816","30.7350","30.4168","0.09"
"Nov 07, 2011","30.4834","30.4928","30.7625","30.3961","-0.06"
"Nov 08, 2011","30.2106","30.4852","30.5825","30.1820","-0.89"
"Nov 09, 2011","30.6124","30.2218","30.7400","30.0468","1.33"
"Nov 10, 2011","30.5340","30.6239","30.9090","30.3950","-0.26"
"Nov 11, 2011","30.3640","30.5390","30.6390","30.2748","-0.56"
"Nov 14, 2011","30.5488","30.3140","30.5940","30.2250","0.61"
"Nov 15, 2011","30.6541","30.5585","30.7830","30.5192","0.34"
"Nov 16, 2011","30.7060","30.6630","30.9015","30.6170","0.17"
"Nov 17, 2011","30.9040","30.7350","30.9723","30.7030","0.64"
"Nov 18, 2011","30.8641","30.9513","30.9775","30.7423","-0.13"
"Nov 21, 2011","31.1581","30.8621","31.2100","30.8445","0.95"
"Nov 22, 2011","31.0290","31.1697","31.1959","30.9355","-0.41"
"Nov 23, 2011","31.5034","31.0456","31.5528","31.0209","1.53"
"Nov 24, 2011","31.4514","31.4945","31.5260","31.3183","-0.17"
"Nov 25, 2011","31.5240","31.4666","31.6868","31.4538","0.23"
"Nov 28, 2011","31.3727","31.4740","31.4643","31.2310","-0.48"
"Nov 29, 2011","31.2875","31.3837","31.4396","31.1993","-0.27"
"Nov 30, 2011","30.7220","31.2963","31.4350","30.6575","-1.81"
"Dec 01, 2011","30.7487","30.7172","30.9325","30.6655","0.09"
"Dec 02, 2011","30.9442","30.7707","30.9892","30.6720","0.64"
"Dec 05, 2011","30.8900","30.8666","30.9791","30.8217","-0.18"
"Dec 06, 2011","31.3250","30.8995","31.4053","30.8900","1.41"
"Dec 07, 2011","31.2372","31.3385","31.3650","31.0729","-0.28"
"Dec 08, 2011","31.4450","31.2550","31.5175","31.1975","0.67"
"Dec 09, 2011","31.4632","31.4685","31.6603","31.3500","0.06"
"Dec 12, 2011","31.6480","31.4732","31.6994","31.3625","0.59"
"Dec 13, 2011","31.7690","31.6564","31.8112","31.5595","0.38"
"Dec 14, 2011","31.8857","31.7870","31.9338","31.7125","0.37"
"Dec 15, 2011","31.8025","31.8909","31.9580","31.7628","-0.26"
"Dec 16, 2011","32.0044","31.8107","32.0494","31.7428","0.63"
"Dec 19, 2011","32.1109","32.0082","32.1363","31.9819","0.33"
"Dec 20, 2011","31.9565","32.1145","32.1795","31.9015","-0.48"
"Dec 21, 2011","31.7231","31.9699","31.9823","31.4805","-0.73"
"Dec 22, 2011","31.3900","31.7310","31.7550","31.3120","-1.05"
"Dec 23, 2011","31.1890","31.3600","31.4050","31.0478","-0.64"
"Dec 26, 2011","31.1300","31.1945","31.2984","31.0731","-0.19"
"Dec 27, 2011","31.3640","31.1534","31.5250","31.0350","0.75"
"Dec 28, 2011","31.8100","31.3776","31.8450","31.3680","1.42"
"Dec 29, 2011","32.1040","31.8125","32.2925","31.7800","0.92"
"Dec 30, 2011","32.1940","32.1640","32.3445","32.0326","0.28"
"Jan 02, 2012","32.2140","32.2040","32.2327","32.1755","0.06"
"Jan 03, 2012","31.6949","32.2190","32.2190","31.6430","-1.61"
"Jan 04, 2012","31.8125","31.6999","31.8775","31.5625","0.37"
"Jan 05, 2012","32.0366","31.8203","32.0799","31.6892","0.70"
"Jan 06, 2012","32.0949","32.0377","32.1859","31.8388","0.18"
"Jan 09, 2012","31.9000","31.9315","32.0400","31.8291","-0.61"
"Jan 10, 2012","31.5662","31.8769","31.9275","31.4990","-1.05"
"Jan 11, 2012","31.7026","31.5797","31.8210","31.5730","0.43"
"Jan 12, 2012","31.5545","31.7111","31.7298","31.5154","-0.47"
"Jan 13, 2012","31.8535","31.5651","31.9925","31.5248","0.95"
"Jan 16, 2012","31.6726","31.8573","31.9760","31.6268","-0.57"
"Jan 17, 2012","31.6124","31.6800","31.7085","31.4733","-0.19"
"Jan 18, 2012","31.4250","31.6294","31.6274","31.4172","-0.59"
"Jan 19, 2012","31.3275","31.4353","31.5500","31.2480","-0.31"
"Jan 20, 2012","31.3625","31.2771","31.4175","31.2353","0.11"
"Jan 23, 2012","30.8771","31.3613","31.3835","30.8185","-1.55"
"Jan 24, 2012","30.7769","30.8872","30.9437","30.7728","-0.32"
"Jan 25, 2012","30.5183","30.7805","30.7954","30.5150","-0.84"
"Jan 26, 2012","30.3091","30.5301","30.5506","30.1869","-0.69"
"Jan 27, 2012","30.1105","30.3170","30.4198","30.0986","-0.66"
"Jan 30, 2012","30.3913","30.1153","30.4712","30.1100","0.93"
"Jan 31, 2012","30.2997","30.3942","30.3935","30.0411","-0.30"
"Feb 01, 2012","30.1709","30.3077","30.4415","30.1048","-0.43"
"Feb 02, 2012","30.1847","30.1810","30.3700","30.1081","0.05"
"Feb 03, 2012","30.1409","30.1964","30.2948","30.1233","-0.15"
"Feb 06, 2012","30.0523","30.1870","30.3050","30.0374","-0.29"
"Feb 07, 2012","29.7385","30.0665","30.1242","29.7260","-1.04"
"Feb 08, 2012","29.7352","29.7582","29.8183","29.6555","-0.01"
"Feb 09, 2012","29.7071","29.7384","29.8653","29.6500","-0.09"
"Feb 10, 2012","30.0447","29.7087","30.1115","29.7008","1.14"
"Feb 13, 2012","29.9260","30.0469","30.0504","29.8205","-0.40"
"Feb 14, 2012","30.0771","29.9290","30.1356","29.9249","0.50"
"Feb 15, 2012","30.0377","30.0824","30.1133","29.9137","-0.13"
"Feb 16, 2012","30.0335","30.0421","30.3620","30.0219","-0.01"
"Feb 17, 2012","29.9565","30.0444","30.0693","29.8357","-0.26"
"Feb 20, 2012","29.7776","29.9515","29.9600","29.7000","-0.60"
"Feb 21, 2012","29.7584","29.7898","29.8740","29.7153","-0.06"
"Feb 22, 2012","29.6890","29.7714","29.8245","29.6585","-0.23"
"Feb 23, 2012","29.6190","29.6925","29.7185","29.5723","-0.24"
"Feb 24, 2012","29.1614","29.6225","29.6260","29.1238","-1.54"
"Feb 27, 2012","29.0192","29.1612","29.2085","28.9525","-0.49"
"Feb 28, 2012","28.9613","29.0312","29.1348","28.8468","-0.20"
"Feb 29, 2012","29.0815","28.9757","29.1428","28.9370","0.42"
"Mar 01, 2012","29.2198","29.0850","29.3875","29.0818","0.48"
"Mar 02, 2012","29.3234","29.2278","29.3820","29.1978","0.35"
"Mar 05, 2012","29.3458","29.3267","29.3935","29.2450","0.08"
"Mar 06, 2012","29.6188","29.3513","29.7125","29.3348","0.93"
"Mar 07, 2012","29.6375","29.6276","29.7905","29.5831","0.06"
"Mar 08, 2012","29.3497","29.6410","29.6455","29.3335","-0.97"
"Mar 09, 2012","29.4136","29.3563","29.4437","29.3452","0.22"
"Mar 12, 2012","29.5621","29.4238","29.7090","29.4240","0.50"
"Mar 13, 2012","29.4514","29.5745","29.6548","29.4033","-0.37"
"Mar 14, 2012","29.5342","29.4652","29.5820","29.3750","0.28"
"Mar 15, 2012","29.3471","29.5411","29.6433","29.3145","-0.63"
"Mar 16, 2012","29.2309","29.3603","29.4253","29.2033","-0.40"
"Mar 19, 2012","29.1173","29.2344","29.2710","29.1120","-0.39"
"Mar 20, 2012","29.2439","29.1263","29.3443","29.1148","0.43"
"Mar 21, 2012","29.2500","29.2594","29.3250","29.1543","0.02"
"Mar 22, 2012","29.4154","29.2595","29.5245","29.2159","0.57"
"Mar 23, 2012","29.2915","29.4280","29.4655","29.2400","-0.42"
"Mar 26, 2012","28.9365","29.2950","29.3190","28.9343","-1.21"
"Mar 27, 2012","29.0486","28.9503","29.0693","28.8550","0.39"
"Mar 28, 2012","29.3692","29.0579","29.4178","29.0308","1.10"
"Mar 29, 2012","29.4664","29.3730","29.5490","29.2334","0.33"
"Mar 30, 2012","29.3160","29.4738","29.4850","29.2900","-0.51"
"Apr 02, 2012","29.2807","29.3573","29.5233","29.2672","-0.12"
"Apr 03, 2012","29.2255","29.2919","29.3630","29.1373","-0.19"
"Apr 04, 2012","29.4524","29.2290","29.5305","29.2290","0.78"
"Apr 05, 2012","29.4642","29.4532","29.6315","29.4055","0.04"
"Apr 06, 2012","29.5690","29.4676","29.6040","29.4318","0.36"
"Apr 09, 2012","29.5871","29.5729","29.7028","29.5709","0.06"
"Apr 10, 2012","29.8076","29.5931","29.8393","29.5488","0.75"
"Apr 11, 2012","29.6404","29.8070","29.8783","29.5853","-0.56"
"Apr 12, 2012","29.4031","29.6516","29.6566","29.3803","-0.80"
"Apr 13, 2012","29.5890","29.4130","29.6230","29.3935","0.63"
"Apr 16, 2012","29.6070","29.5800","29.7930","29.5793","0.06"
"Apr 17, 2012","29.4896","29.6070","29.6833","29.4520","-0.40"
"Apr 18, 2012","29.5130","29.4949","29.5990","29.4690","0.08"
"Apr 19, 2012","29.5108","29.5136","29.6075","29.4838","-0.01"
"Apr 20, 2012","29.4284","29.5054","29.5565","29.4213","-0.28"
"Apr 23, 2012","29.5108","29.4679","29.5978","29.4364","0.28"
"Apr 24, 2012","29.3455","29.5155","29.5463","29.3233","-0.56"
"Apr 25, 2012","29.3150","29.3508","29.4085","29.2596","-0.10"
"Apr 26, 2012","29.3328","29.3196","29.3738","29.2320","0.06"
"Apr 27, 2012","29.3020","29.3664","29.4798","29.2888","-0.11"
"Apr 30, 2012","29.3581","29.3233","29.4250","29.2994","0.19"
"May 01, 2012","29.3249","29.3647","29.4170","29.3297","-0.11"
"May 02, 2012","29.4030","29.3349","29.4845","29.3075","0.27"
"May 03, 2012","29.5043","29.4150","29.5825","29.3993","0.34"
"May 04, 2012","29.7715","29.5149","29.8408","29.4978","0.91"
"May 07, 2012","30.0665","29.7750","30.1060","29.7750","0.99"
"May 08, 2012","30.1565","30.0700","30.1750","29.9668","0.30"
"May 09, 2012","30.3564","30.1636","30.4457","30.1243","0.66"
"May 10, 2012","30.1470","30.3732","30.3875","30.0543","-0.69"
"May 11, 2012","30.1547","30.1630","30.2888","30.0910","0.03"
"May 14, 2012","30.4113","30.1697","30.4364","30.1686","0.85"
"May 15, 2012","30.6920","30.4281","30.7154","30.2787","0.92"
"May 16, 2012","31.0115","30.6950","31.0975","30.6843","1.04"
"May 17, 2012","31.0675","31.0144","31.2425","30.8875","0.18"
"May 18, 2012","31.2075","31.0894","31.4762","31.0600","0.45"
"May 21, 2012","31.1065","31.2110","31.2950","31.0868","-0.32"
"May 22, 2012","31.2138","31.1075","31.2660","30.9578","0.34"
"May 23, 2012","31.7340","31.2264","31.8169","31.2194","1.67"
"May 24, 2012","31.7808","31.6675","31.8445","31.5290","0.15"
"May 25, 2012","32.0890","31.7906","32.0960","31.6701","0.97"
"May 28, 2012","32.0647","32.0925","32.1217","31.7935","-0.08"
"May 29, 2012","32.2855","32.0796","32.3667","32.0242","0.69"
"May 30, 2012","32.8145","32.3129","32.8432","32.2868","1.64"
"May 31, 2012","33.3863","32.8355","33.6323","32.7745","1.74"
"Jun 01, 2012","33.6389","33.4006","34.0485","33.3887","0.76"
"Jun 04, 2012","33.4715","33.6594","34.1310","33.4010","-0.50"
"Jun 05, 2012","33.0615","33.4892","33.4998","32.9530","-1.22"
"Jun 06, 2012","32.3447","33.2765","33.2853","32.3201","-2.17"
"Jun 07, 2012","32.2940","32.3371","32.4235","32.0388","-0.16"
"Jun 08, 2012","32.5240","32.2975","32.9345","32.2726","0.71"
"Jun 11, 2012","32.7465","32.1250","32.7507","32.0545","0.68"
"Jun 12, 2012","33.0200","32.7500","33.0250","32.7488","0.84"
"Jun 13, 2012","32.4675","32.9325","32.9675","32.3930","-1.67"
"Jun 14, 2012","32.4950","32.5900","32.6880","32.4875","0.08"
"Jun 15, 2012","32.3700","32.4275","32.5500","32.3088","-0.38"
"Jun 18, 2012","32.4050","32.3650","32.5475","32.0500","0.11"
"Jun 19, 2012","32.3800","32.4350","32.9375","32.3150","-0.08"
"Jun 20, 2012","32.5700","32.3500","32.6050","32.3140","0.59"
"Jun 21, 2012","33.1775","32.5750","33.1825","32.5750","1.87"
"Jun 22, 2012","33.2050","33.1830","33.6345","33.0595","0.08"
"Jun 25, 2012","33.2300","33.2295","33.3513","33.0563","0.08"
"Jun 26, 2012","32.8980","33.2615","33.3000","32.8230","-1.00"
"Jun 27, 2012","32.9510","32.8700","33.0260","32.7799","0.16"
"Jun 28, 2012","33.1275","32.9765","33.1825","32.8455","0.54"
"Jun 29, 2012","32.3900","33.1450","33.1525","32.3800","-2.23"
"Jul 02, 2012","32.5610","32.4480","32.7210","32.4147","0.53"
"Jul 03, 2012","32.2240","32.5800","32.6045","32.0980","-1.03"
"Jul 04, 2012","32.3330","32.2265","32.3760","32.1350","0.34"
"Jul 05, 2012","32.5130","32.3300","32.6885","32.3130","0.56"
"Jul 06, 2012","32.8600","32.5150","32.9450","32.5060","1.07"
"Jul 09, 2012","32.9700","32.6405","33.1020","32.5975","0.33"
"Jul 10, 2012","32.8870","32.9850","33.0263","32.7170","-0.25"
"Jul 11, 2012","32.7020","32.8763","32.9103","32.6372","-0.56"
"Jul 12, 2012","32.7375","32.6975","32.8500","32.6495","0.11"
"Jul 13, 2012","32.5575","32.7430","32.7825","32.5625","-0.55"
"Jul 16, 2012","32.5275","32.5565","32.7330","32.5125","-0.09"
"Jul 17, 2012","32.3373","32.5325","32.6620","32.3275","-0.58"
"Jul 18, 2012","32.2165","32.3504","32.4830","32.2243","-0.37"
"Jul 19, 2012","31.8117","32.2283","32.2805","31.7943","-1.26"
"Jul 20, 2012","32.0484","31.8286","32.0890","31.8260","0.74"
"Jul 23, 2012","32.6574","32.1102","32.8290","32.0775","1.90"
"Jul 24, 2012","32.9307","32.6405","33.0143","32.5793","0.84"
"Jul 25, 2012","32.6383","32.9439","33.0800","32.5840","-0.89"
"Jul 26, 2012","32.3447","32.6487","32.7150","32.2499","-0.90"
"Jul 27, 2012","32.0300","32.3566","32.3721","32.0250","-0.97"
"Jul 30, 2012","32.1644","32.0750","32.2465","32.0602","0.42"
"Jul 31, 2012","32.1986","32.1755","32.2930","32.1165","0.11"
"Aug 01, 2012","32.3895","32.2110","32.4189","32.2104","0.59"
"Aug 02, 2012","32.6550","32.4073","32.6702","32.2220","0.82"
"Aug 03, 2012","31.9850","32.5915","32.6105","31.9300","-2.05"
"Aug 06, 2012","31.5625","31.9787","32.0078","31.5106","-1.32"
"Aug 07, 2012","31.5321","31.5426","31.7045","31.4691","-0.10"
"Aug 08, 2012","31.5202","31.5452","31.8545","31.4891","-0.04"
"Aug 09, 2012","31.7050","31.5333","31.8240","31.4315","0.59"
"Aug 10, 2012","31.8250","31.7125","32.0040","31.6810","0.38"
"Aug 13, 2012","31.8618","31.7925","31.9201","31.6653","0.12"
"Aug 14, 2012","31.8315","31.8756","31.8841","31.6990","-0.10"
"Aug 15, 2012","31.8560","31.8421","31.9620","31.8119","0.08"
"Aug 16, 2012","31.8469","31.8636","31.9638","31.7950","-0.03"
"Aug 17, 2012","32.0325","31.8626","32.1280","31.8100","0.58"
"Aug 20, 2012","32.0460","32.0375","32.1383","31.9760","0.04"
"Aug 21, 2012","31.7525","32.0565","32.0775","31.6845","-0.92"
"Aug 22, 2012","31.7711","31.7669","31.9300","31.7587","0.06"
"Aug 23, 2012","31.6827","31.7829","31.7894","31.6329","-0.28"
"Aug 24, 2012","31.8100","31.6920","31.9020","31.6878","0.40"
"Aug 27, 2012","31.8950","31.8165","31.9487","31.7605","0.27"
"Aug 28, 2012","31.9804","31.9025","32.1040","31.8875","0.27"
"Aug 29, 2012","32.2007","31.9916","32.2653","31.9675","0.69"
"Aug 30, 2012","32.5465","32.2132","32.6075","32.1805","1.07"
"Aug 31, 2012","32.2450","32.5583","32.6350","32.2295","-0.93"
"Sep 03, 2012","32.2891","32.2500","32.4728","32.2500","0.14"
"Sep 04, 2012","32.2840","32.3003","32.3365","32.0941","-0.02"
"Sep 05, 2012","32.2838","32.2958","32.5075","32.2281","-0.00"
"Sep 06, 2012","31.9446","32.2950","32.3071","31.9025","-1.05"
"Sep 07, 2012","31.6600","31.9675","32.0678","31.6471","-0.89"
"Sep 10, 2012","31.6646","31.7610","31.7850","31.6125","0.01"
"Sep 11, 2012","31.4995","31.6783","31.8555","31.4546","-0.52"
"Sep 12, 2012","31.4432","31.5145","31.5750","31.2473","-0.18"
"Sep 13, 2012","31.0614","31.4544","31.4875","31.0275","-1.21"
"Sep 14, 2012","30.4890","31.0714","31.0807","30.3825","-1.84"
"Sep 17, 2012","30.6219","30.5550","30.7200","30.5075","0.44"
"Sep 18, 2012","30.8980","30.6332","31.0153","30.6320","0.90"
"Sep 19, 2012","31.1960","30.9097","31.2848","30.7948","0.96"
"Sep 20, 2012","31.2247","31.2093","31.6850","31.1775","0.09"
"Sep 21, 2012","31.0280","31.2373","31.2428","30.8851","-0.63"
"Sep 24, 2012","31.1305","31.0255","31.3450","31.0220","0.33"
"Sep 25, 2012","31.1950","31.1430","31.2371","30.9172","0.21"
"Sep 26, 2012","31.2955","31.1950","31.3958","31.1500","0.32"
"Sep 27, 2012","30.9760","31.3232","31.3400","30.9694","-1.02"
"Sep 28, 2012","31.1800","30.9873","31.2787","30.8722","0.66"
"Oct 01, 2012","31.1950","31.2925","31.3089","30.9834","0.05"
"Oct 02, 2012","31.1300","31.2000","31.2000","31.0168","-0.21"
"Oct 03, 2012","31.1483","31.1450","31.2535","31.0729","0.06"
"Oct 04, 2012","30.9800","31.1614","31.2000","30.8878","-0.54"
"Oct 05, 2012","30.9953","30.9640","31.0643","30.8170","0.05"
"Oct 08, 2012","31.1718","31.0036","31.2020","31.0035","0.57"
"Oct 09, 2012","31.1400","31.1843","31.2566","31.0525","-0.10"
"Oct 10, 2012","31.1125","31.1575","31.2459","31.0672","-0.09"
"Oct 11, 2012","31.0282","31.1328","31.2425","30.9783","-0.27"
"Oct 12, 2012","31.0950","31.0414","31.1425","30.9440","0.22"
"Oct 15, 2012","30.9935","31.0780","31.1750","30.9682","-0.33"
"Oct 16, 2012","30.8465","31.0060","31.0553","30.8319","-0.47"
"Oct 17, 2012","30.7410","30.8584","30.8703","30.6528","-0.34"
"Oct 18, 2012","30.7874","30.7541","30.8588","30.6934","0.15"
"Oct 19, 2012","30.8870","30.7992","30.9285","30.7488","0.32"
"Oct 22, 2012","31.0940","30.9180","31.1510","30.8307","0.67"
"Oct 23, 2012","31.3699","31.1072","31.5180","31.0745","0.89"
"Oct 24, 2012","31.4300","31.3830","31.4710","31.2479","0.19"
"Oct 25, 2012","31.3750","31.4240","31.4450","31.1770","-0.17"
"Oct 26, 2012","31.3851","31.3625","31.5450","31.3250","0.03"
"Oct 29, 2012","31.4800","31.4075","31.5255","31.3963","0.30"
"Oct 30, 2012","31.3670","31.4854","31.5750","31.3238","-0.36"
"Oct 31, 2012","31.3375","31.3795","31.4150","31.2305","-0.09"
"Nov 01, 2012","31.2746","31.3575","31.4300","31.2550","-0.20"
"Nov 02, 2012","31.4672","31.2925","31.5243","31.2777","0.62"
"Nov 05, 2012","31.6025","31.4525","31.7478","31.4503","0.43"
"Nov 06, 2012","31.3590","31.6075","31.6175","31.3415","-0.77"
"Nov 07, 2012","31.5750","31.3775","31.5938","31.2561","0.69"
"Nov 08, 2012","31.5050","31.5800","31.6155","31.4735","-0.22"
"Nov 09, 2012","31.5700","31.5275","31.7220","31.4540","0.21"
"Nov 12, 2012","31.6050","31.5750","31.6578","31.5700","0.11"
"Nov 13, 2012","31.7469","31.6300","31.8535","31.6235","0.45"
"Nov 14, 2012","31.7030","31.7464","31.7650","31.5935","-0.14"
"Nov 15, 2012","31.6610","31.6788","31.7425","31.6287","-0.13"
"Nov 16, 2012","31.7053","31.6675","31.8075","31.6473","0.14"
"Nov 19, 2012","31.4100","31.6790","31.6880","31.3993","-0.93"
"Nov 20, 2012","31.2940","31.4150","31.4750","31.2750","-0.37"
"Nov 21, 2012","31.1770","31.3055","31.4725","31.1454","-0.37"
"Nov 22, 2012","31.1700","31.1750","31.2050","31.0834","-0.02"
"Nov 23, 2012","31.0450","31.1725","31.2040","31.0080","-0.40"
"Nov 26, 2012","31.0047","31.0350","31.0860","30.9420","-0.13"
"Nov 27, 2012","31.0417","31.0085","31.1238","30.9195","0.12"
"Nov 28, 2012","31.0650","31.0455","31.2020","31.0365","0.08"
"Nov 29, 2012","30.8580","31.0729","31.0973","30.8041","-0.67"
"Nov 30, 2012","30.8617","30.8800","30.9800","30.7806","0.01"
"Dec 03, 2012","30.8782","30.8619","31.0410","30.7979","0.05"
"Dec 04, 2012","30.8358","30.8831","31.0440","30.7939","-0.14"
"Dec 05, 2012","30.7890","30.8495","30.8709","30.7349","-0.15"
"Dec 06, 2012","30.9470","30.7965","30.9737","30.7895","0.51"
"Dec 07, 2012","30.8180","30.9475","31.0185","30.7873","-0.42"
"Dec 10, 2012","30.7830","30.8514","30.9315","30.7038","-0.11"
"Dec 11, 2012","30.7025","30.7725","30.8025","30.6000","-0.26"
"Dec 12, 2012","30.5415","30.7070","30.7829","30.5127","-0.52"
"Dec 13, 2012","30.7290","30.5490","30.7575","30.5331","0.61"
"Dec 14, 2012","30.7025","30.7625","30.8482","30.6400","-0.09"
"Dec 17, 2012","30.9715","30.7080","31.0416","30.6825","0.88"
"Dec 18, 2012","30.7350","30.9790","31.0484","30.7023","-0.76"
"Dec 19, 2012","30.7600","30.7400","30.8050","30.6050","0.08"
"Dec 20, 2012","30.6975","30.7675","30.8600","30.6297","-0.20"
"Dec 21, 2012","30.8239","30.6825","30.8825","30.6710","0.41"
"Dec 24, 2012","30.6293","30.8390","30.8735","30.5559","-0.63"
"Dec 25, 2012","30.6920","30.6350","30.7205","30.4150","0.20"
"Dec 26, 2012","30.5798","30.7025","30.7121","30.4923","-0.37"
"Dec 27, 2012","30.3600","30.5898","30.5933","30.2384","-0.72"
"Dec 28, 2012","30.3536","30.3650","30.5450","30.3086","-0.02"
"Dec 31, 2012","30.5525","30.3609","30.5880","30.3483","0.66"
"Jan 01, 2013","30.5730","30.5580","30.5880","30.5580","0.07"
"Jan 02, 2013","30.1598","30.5880","30.5880","30.1040","-1.35"
"Jan 03, 2013","30.2349","30.1715","30.3719","30.1400","0.25"
"Jan 04, 2013","30.3225","30.2484","30.5917","30.2448","0.29"
"Jan 07, 2013","30.3340","30.3280","30.4973","30.3115","0.04"
"Jan 08, 2013","30.2975","30.3250","30.4073","30.2048","-0.12"
"Jan 09, 2013","30.3482","30.3074","30.5200","30.2800","0.17"
"Jan 10, 2013","30.1280","30.3632","30.4068","30.1332","-0.73"
"Jan 11, 2013","30.3225","30.1454","30.4000","30.1366","0.65"
"Jan 14, 2013","30.2187","30.3275","30.3275","30.1670","-0.34"
"Jan 15, 2013","30.2947","30.2090","30.3698","30.1650","0.25"
"Jan 16, 2013","30.3388","30.3060","30.4381","30.2644","0.15"
"Jan 17, 2013","30.1693","30.3313","30.4100","30.1638","-0.56"
"Jan 18, 2013","30.2518","30.1761","30.3290","30.1463","0.27"
"Jan 21, 2013","30.2440","30.2670","30.3250","30.2193","-0.03"
"Jan 22, 2013","30.2375","30.2200","30.2880","30.1632","-0.02"
"Jan 23, 2013","30.1500","30.2400","30.2726","30.1418","-0.29"
"Jan 24, 2013","30.0738","30.1550","30.2113","30.0347","-0.25"
"Jan 25, 2013","30.0377","30.0746","30.1046","29.9713","-0.12"
"Jan 28, 2013","30.1750","30.0331","30.2100","30.0205","0.46"
"Jan 29, 2013","30.0350","30.1800","30.2053","30.0350","-0.46"
"Jan 30, 2013","30.0375","30.0375","30.0763","29.9678","0.01"
"Jan 31, 2013","30.0250","30.0575","30.1166","29.9848","-0.04"
"Feb 01, 2013","29.8575","30.0300","30.0525","29.8350","-0.56"
"Feb 04, 2013","30.0700","29.8705","30.1014","29.8705","0.71"
"Feb 05, 2013","29.9625","30.0700","30.1650","29.9350","-0.36"
"Feb 06, 2013","30.0717","29.9650","30.1100","29.9247","0.36"
"Feb 07, 2013","30.2450","30.0800","30.2700","29.9985","0.58"
"Feb 08, 2013","30.1650","30.2500","30.2650","30.0910","-0.26"
"Feb 11, 2013","30.1565","30.1650","30.2238","30.1040","-0.03"
"Feb 12, 2013","30.0300","30.1603","30.1985","30.0000","-0.42"
"Feb 13, 2013","30.0475","30.0350","30.0920","30.0025","0.06"
"Feb 14, 2013","30.1175","30.0525","30.1838","30.0475","0.23"
"Feb 15, 2013","30.0984","30.1200","30.1908","30.0750","-0.06"
"Feb 18, 2013","30.1050","30.1290","30.1626","30.1000","0.02"
"Feb 19, 2013","30.0850","30.1100","30.1520","30.0613","-0.07"
"Feb 20, 2013","30.2250","30.0800","30.2763","30.0288","0.47"
"Feb 21, 2013","30.4550","30.2575","30.5009","30.2050","0.76"
"Feb 22, 2013","30.3750","30.4200","30.4736","30.3350","-0.26"
"Feb 25, 2013","30.4700","30.3450","30.5350","30.2350","0.31"
"Feb 26, 2013","30.6000","30.5400","30.7013","30.5200","0.43"
"Feb 27, 2013","30.4800","30.6175","30.6650","30.4850","-0.39"
"Feb 28, 2013","30.6450","30.0263","30.6550","30.4843","0.54"
"Mar 01, 2013","30.6922","30.6650","30.7818","30.6050","0.15"
"Mar 04, 2013","30.7643","30.6960","30.8310","30.6960","0.23"
"Mar 05, 2013","30.6143","30.7501","30.7975","30.5946","-0.49"
"Mar 06, 2013","30.7775","30.6215","30.7838","30.5750","0.53"
"Mar 07, 2013","30.7075","30.7675","30.8225","30.6416","-0.23"
"Mar 08, 2013","30.7775","30.7300","30.8363","30.6400","0.23"
"Mar 11, 2013","30.6913","30.7750","30.8145","30.6895","-0.28"
"Mar 12, 2013","30.6725","30.6900","30.7814","30.6300","-0.06"
"Mar 13, 2013","30.7947","30.6961","30.8341","30.6560","0.40"
"Mar 14, 2013","30.7150","30.8145","30.8350","30.6882","-0.26"
"Mar 15, 2013","30.6218","30.7170","30.7800","30.5838","-0.30"
"Mar 18, 2013","30.8025","30.6250","30.9150","30.6250","0.59"
"Mar 19, 2013","30.9925","30.8175","31.0513","30.7750","0.62"
"Mar 20, 2013","30.8700","30.9950","31.0225","30.8188","-0.40"
"Mar 21, 2013","30.9450","30.8775","30.9838","30.8525","0.24"
"Mar 22, 2013","30.8450","30.9500","31.0050","30.8150","-0.32"
"Mar 25, 2013","30.9350","30.7685","30.9625","30.7063","0.29"
"Mar 26, 2013","30.8750","30.9375","30.9675","30.8450","-0.19"
"Mar 27, 2013","31.0300","30.8800","31.0825","30.8525","0.50"
"Mar 28, 2013","31.1125","31.0350","31.1313","30.9800","0.27"
"Mar 29, 2013","31.0725","31.1175","31.1450","31.0137","-0.13"
"Apr 01, 2013","31.0825","31.0525","31.1619","31.0525","0.03"
"Apr 02, 2013","31.3180","31.0900","31.3403","31.0663","0.76"
"Apr 03, 2013","31.6475","31.3250","31.6653","31.3100","1.05"
"Apr 04, 2013","31.5980","31.6575","31.7750","31.5625","-0.16"
"Apr 05, 2013","31.5005","31.6025","31.7047","31.5048","-0.31"
"Apr 08, 2013","31.2175","31.4950","31.6607","31.2075","-0.90"
"Apr 09, 2013","31.0200","31.2225","31.2800","30.9963","-0.63"
"Apr 10, 2013","30.8880","31.0225","31.0925","30.8050","-0.43"
"Apr 11, 2013","30.8605","30.8775","30.9757","30.7750","-0.09"
"Apr 12, 2013","31.0600","30.8900","31.1240","30.8675","0.65"
"Apr 15, 2013","31.4987","31.0750","31.5200","31.0750","1.41"
"Apr 16, 2013","31.2438","31.5265","31.5800","31.2249","-0.81"
"Apr 17, 2013","31.8825","31.2531","31.9125","31.1850","2.04"
"Apr 18, 2013","31.5800","31.8850","31.9150","31.5250","-0.95"
"Apr 19, 2013","31.6605","31.5800","31.7388","31.4031","0.25"
"Apr 22, 2013","31.5600","31.6650","31.7025","31.5189","-0.32"
"Apr 23, 2013","31.6300","31.5650","31.8050","31.5550","0.22"
"Apr 24, 2013","31.4750","31.6325","31.6600","31.4315","-0.49"
"Apr 25, 2013","31.1575","31.4725","31.4950","31.0950","-1.01"
"Apr 26, 2013","31.2825","31.1600","31.3602","31.1150","0.40"
"Apr 29, 2013","30.9680","31.2825","31.3400","30.8950","-1.01"
"Apr 30, 2013","31.1230","30.9675","31.1455","30.9450","0.50"
"May 01, 2013","31.3430","31.1275","31.3650","31.0623","0.71"
"May 02, 2013","31.1480","31.3475","31.4000","31.1523","-0.62"
"May 03, 2013","31.0755","31.1525","31.1995","30.9650","-0.23"
"May 06, 2013","31.0355","31.0800","31.1406","31.0173","-0.13"
"May 07, 2013","31.0630","31.0400","31.1313","30.9650","0.09"
"May 08, 2013","31.1430","31.0675","31.2149","31.0550","0.26"
"May 09, 2013","31.1925","31.1475","31.2663","31.0963","0.16"
"May 10, 2013","31.3530","31.1975","31.5169","31.1925","0.51"
"May 13, 2013","31.3350","31.3575","31.4762","31.2882","-0.06"
"May 14, 2013","31.3550","31.3400","31.4124","31.2147","0.06"
"May 15, 2013","31.4500","31.3600","31.5403","31.3600","0.30"
"May 16, 2013","31.3905","31.4550","31.4950","31.2600","-0.19"
"May 17, 2013","31.4480","31.3950","31.4858","31.3350","0.18"
"May 20, 2013","31.2325","31.4525","31.4525","31.2187","-0.69"
"May 21, 2013","31.2355","31.2375","31.3176","31.1535","0.01"
"May 22, 2013","31.4105","31.2400","31.4453","31.0600","0.56"
"May 23, 2013","31.4775","31.4150","31.5455","31.3360","0.21"
"May 24, 2013","31.3255","31.4825","31.4825","31.2545","-0.48"
"May 27, 2013","31.3535","31.3300","31.4125","31.2750","0.09"
"May 28, 2013","31.5200","31.3750","31.5550","31.3463","0.53"
"May 29, 2013","31.6230","31.5250","31.6776","31.4475","0.33"
"May 30, 2013","31.7255","31.6275","31.8131","31.5650","0.32"
"May 31, 2013","31.9175","31.7425","32.0341","31.6788","0.61"
"Jun 03, 2013","31.8380","31.9225","32.1401","31.7850","-0.25"
"Jun 04, 2013","31.9405","31.8425","32.0304","31.7850","0.32"
"Jun 05, 2013","32.1700","31.9450","32.2219","31.8848","0.72"
"Jun 06, 2013","32.1255","32.1750","32.3344","32.0328","-0.14"
"Jun 07, 2013","32.2030","32.1300","32.4151","32.0850","0.24"
"Jun 10, 2013","32.2950","32.2075","32.3966","32.1750","0.29"
"Jun 11, 2013","32.3905","32.3000","32.5315","32.2925","0.30"
"Jun 12, 2013","32.2155","32.3950","32.4153","32.1398","-0.54"
"Jun 13, 2013","31.9705","32.2200","32.4124","31.9475","-0.76"
"Jun 14, 2013","31.7230","31.9750","32.0075","31.6198","-0.77"
"Jun 17, 2013","31.7522","31.7275","31.8350","31.4989","0.09"
"Jun 18, 2013","32.0030","31.7567","32.1068","31.7567","0.79"
"Jun 19, 2013","32.3780","32.0075","32.4050","31.9915","1.17"
"Jun 20, 2013","33.0505","32.3825","33.0777","32.3825","2.08"
"Jun 21, 2013","32.7705","33.0550","33.0550","32.6233","-0.85"
"Jun 24, 2013","32.7605","32.7750","33.0127","32.6993","-0.03"
"Jun 25, 2013","32.8165","32.7650","32.9513","32.6384","0.17"
"Jun 26, 2013","32.9380","32.8210","33.0286","32.7816","0.37"
"Jun 27, 2013","32.8120","32.9425","32.9677","32.7186","-0.38"
"Jun 28, 2013","32.8305","32.8165","32.9377","32.6245","0.06"
"Jul 01, 2013","32.9880","32.8625","33.0253","32.7950","0.48"
"Jul 02, 2013","33.1850","32.9925","33.1900","32.9150","0.60"
"Jul 03, 2013","33.1300","33.1900","33.3191","33.0950","-0.17"
"Jul 04, 2013","33.2130","33.1345","33.2866","33.1338","0.25"
"Jul 05, 2013","33.3230","33.2175","33.3780","33.1623","0.33"
"Jul 08, 2013","33.2005","33.3275","33.3450","33.1950","-0.37"
"Jul 09, 2013","32.9905","33.2050","33.2153","32.9300","-0.63"
"Jul 10, 2013","32.9505","32.9950","33.0452","32.8425","-0.12"
"Jul 11, 2013","32.5279","32.9550","32.9728","32.5050","-1.28"
"Jul 12, 2013","32.6350","32.5324","32.7940","32.4875","0.33"
"Jul 15, 2013","32.5870","32.6414","32.7250","32.5750","-0.15"
"Jul 16, 2013","32.4150","32.5775","32.6050","32.4073","-0.53"
"Jul 17, 2013","32.3200","32.4375","32.5298","32.3050","-0.29"
"Jul 18, 2013","32.4775","32.3050","32.5226","32.2900","0.49"
"Jul 19, 2013","32.3725","32.4820","32.5075","32.3075","-0.32"
"Jul 22, 2013","32.3400","32.3275","32.3894","32.2150","-0.10"
"Jul 23, 2013","32.2900","32.3500","32.4306","32.2888","-0.15"
"Jul 24, 2013","32.4775","32.3075","32.5148","32.2850","0.58"
"Jul 25, 2013","32.6600","32.4700","32.6950","32.4475","0.56"
"Jul 26, 2013","32.7825","32.6675","32.8650","32.6075","0.38"
"Jul 29, 2013","32.8550","32.8225","32.8950","32.6750","0.22"
"Jul 30, 2013","32.9620","32.8300","32.9963","32.8300","0.33"
"Jul 31, 2013","32.9550","32.9950","33.0750","32.9325","-0.02"
"Aug 01, 2013","33.1050","32.9250","33.1225","32.9125","0.46"
"Aug 02, 2013","32.8300","33.0875","33.1375","32.7600","-0.83"
"Aug 05, 2013","32.9125","32.8375","32.9425","32.8270","0.25"
"Aug 06, 2013","32.9800","32.9175","32.9900","32.8450","0.21"
"Aug 07, 2013","32.9580","32.9800","33.1025","32.9573","-0.07"
"Aug 08, 2013","32.8550","33.0300","33.0300","32.8100","-0.31"
"Aug 09, 2013","32.8750","32.8400","32.9193","32.8025","0.06"
"Aug 12, 2013","33.0150","32.8975","33.0338","32.8787","0.43"
"Aug 13, 2013","33.0675","33.0150","33.1454","32.9845","0.16"
"Aug 14, 2013","33.0825","33.0700","33.2070","33.0450","0.05"
"Aug 15, 2013","32.8950","33.0800","33.1015","32.8738","-0.57"
"Aug 16, 2013","32.9125","32.9000","32.9925","32.8050","0.05"
"Aug 19, 2013","32.9825","32.9350","32.9875","32.8968","0.21"
"Aug 20, 2013","32.9450","32.9700","33.0288","32.9160","-0.11"
"Aug 21, 2013","33.1475","32.9375","33.1525","32.9300","0.61"
"Aug 22, 2013","33.0500","33.1575","33.2500","33.0300","-0.29"
"Aug 23, 2013","33.0300","33.0575","33.0948","32.9550","-0.06"
"Aug 26, 2013","33.0800","33.0100","33.1075","32.9185","0.15"
"Aug 27, 2013","33.1550","33.0650","33.2689","33.0650","0.23"
"Aug 28, 2013","33.1850","33.1700","33.2839","33.1349","0.09"
"Aug 29, 2013","33.2525","33.1975","33.2750","33.1150","0.20"
"Aug 30, 2013","33.2580","33.2225","33.3324","33.2025","0.02"
"Sep 02, 2013","33.3950","33.2775","33.4025","33.2333","0.41"
"Sep 03, 2013","33.4950","33.3900","33.5500","33.3440","0.30"
"Sep 04, 2013","33.3175","33.5025","33.5300","33.3025","-0.53"
"Sep 05, 2013","33.4375","33.3300","33.4880","33.3125","0.36"
"Sep 06, 2013","33.2670","33.4425","33.4690","33.2400","-0.51"
"Sep 09, 2013","33.1530","33.2900","33.3660","33.0800","-0.34"
"Sep 10, 2013","32.9400","33.1725","33.1727","32.9150","-0.64"
"Sep 11, 2013","32.7800","32.9450","32.9985","32.7250","-0.49"
"Sep 12, 2013","32.6475","32.7925","32.8205","32.5950","-0.40"
"Sep 13, 2013","32.4600","32.6525","32.7776","32.4388","-0.57"
"Sep 16, 2013","32.3175","32.4225","32.4450","32.1750","-0.44"
"Sep 17, 2013","32.2030","32.3250","32.4021","32.1900","-0.35"
"Sep 18, 2013","31.7880","32.2300","32.3315","31.7923","-1.29"
"Sep 19, 2013","31.6525","31.7700","31.8450","31.5197","-0.43"
"Sep 20, 2013","31.8580","31.6700","31.9255","31.6475","0.65"
"Sep 23, 2013","31.8090","31.8490","31.9850","31.7570","-0.15"
"Sep 24, 2013","31.8780","31.8255","31.9604","31.7750","0.22"
"Sep 25, 2013","32.0790","31.8625","32.1610","31.8625","0.63"
"Sep 26, 2013","32.3242","32.1000","32.3734","32.1000","0.76"
"Sep 27, 2013","32.3050","32.3347","32.4890","32.1750","-0.06"
"Sep 30, 2013","32.3790","32.3875","32.5365","32.3369","0.23"
"Oct 01, 2013","32.2450","32.3850","32.4304","32.1877","-0.41"
"Oct 02, 2013","32.2130","32.2404","32.3450","32.1050","-0.10"
"Oct 03, 2013","32.1614","32.2194","32.2325","32.0070","-0.16"
"Oct 04, 2013","32.1690","32.1699","32.2097","32.0520","0.02"
"Oct 07, 2013","32.2080","32.1795","32.3440","32.1695","0.12"
"Oct 08, 2013","32.3860","32.2125","32.4538","32.1776","0.55"
"Oct 09, 2013","32.3160","32.3950","32.4813","32.3033","-0.22"
"Oct 10, 2013","32.1710","32.3225","32.3914","32.1620","-0.45"
"Oct 11, 2013","32.2210","32.1900","32.3227","32.1790","0.16"
"Oct 14, 2013","32.2760","32.2990","32.3315","32.2263","0.17"
"Oct 15, 2013","32.2990","32.3050","32.3302","32.2143","0.07"
"Oct 16, 2013","32.0530","32.2802","32.3102","32.0266","-0.76"
"Oct 17, 2013","31.8625","32.0820","32.1512","31.8353","-0.59"
"Oct 18, 2013","31.8613","31.8675","31.9602","31.7995","-0.00"
"Oct 21, 2013","31.9710","31.8550","31.9827","31.8543","0.34"
"Oct 22, 2013","31.6850","31.9600","32.0030","31.6494","-0.89"
"Oct 23, 2013","31.7472","31.6787","31.8135","31.6500","0.20"
"Oct 24, 2013","31.6875","31.7510","31.7910","31.6363","-0.19"
"Oct 25, 2013","31.8014","31.6980","31.8425","31.6200","0.36"
"Oct 28, 2013","31.9130","31.8115","31.9505","31.7853","0.35"
"Oct 29, 2013","32.1180","31.9202","32.1360","31.8960","0.64"
"Oct 30, 2013","31.9950","32.1162","32.1377","31.8978","-0.38"
"Oct 31, 2013","32.0790","32.0218","32.1751","31.9950","0.26"
"Nov 01, 2013","32.4575","32.1050","32.4654","32.0721","1.18"
"Nov 04, 2013","32.3730","32.4470","32.4750","32.2985","-0.26"
"Nov 05, 2013","32.5400","32.3850","32.6000","32.3148","0.52"
"Nov 06, 2013","32.3710","32.5488","32.5590","32.3153","-0.52"
"Nov 07, 2013","32.4540","32.3963","32.4850","32.2685","0.26"
"Nov 08, 2013","32.6550","32.4475","32.7634","32.4225","0.62"
"Nov 11, 2013","32.8275","32.6300","32.8491","32.6300","0.53"
"Nov 12, 2013","32.8610","32.8450","32.9523","32.7650","0.10"
"Nov 13, 2013","32.7430","32.8822","32.9350","32.7100","-0.36"
"Nov 14, 2013","32.7475","32.7547","32.7878","32.6178","0.01"
"Nov 15, 2013","32.5614","32.7530","32.7615","32.5505","-0.57"
"Nov 18, 2013","32.5664","32.5605","32.6073","32.4703","0.02"
"Nov 19, 2013","32.7120","32.5774","32.7790","32.5396","0.45"
"Nov 20, 2013","32.9050","32.7162","32.9780","32.6680","0.59"
"Nov 21, 2013","32.9830","32.9100","33.0917","32.5750","0.24"
"Nov 22, 2013","32.7345","32.9876","33.0225","32.7085","-0.75"
"Nov 25, 2013","32.9108","32.7697","33.0512","32.7300","0.54"
"Nov 26, 2013","32.9500","32.9208","33.0580","32.9043","0.12"
"Nov 27, 2013","33.1810","32.9650","33.2363","32.8794","0.70"
"Nov 28, 2013","33.1479","33.2027","33.2290","33.1068","-0.10"
"Nov 29, 2013","33.1388","33.1520","33.2511","33.0716","-0.03"
"Dec 02, 2013","33.2200","33.1512","33.2600","33.0953","0.25"
"Dec 03, 2013","33.2367","33.2275","33.2950","33.2084","0.05"
"Dec 04, 2013","33.1026","33.2410","33.2970","33.1000","-0.40"
"Dec 05, 2013","32.9704","33.1130","33.1725","32.9375","-0.40"
"Dec 06, 2013","32.7625","32.9804","33.0816","32.6918","-0.63"
"Dec 09, 2013","32.6785","32.7393","32.8325","32.6615","-0.26"
"Dec 10, 2013","32.7050","32.6830","32.8365","32.6325","0.08"
"Dec 11, 2013","32.7575","32.7150","32.8020","32.6926","0.16"
"Dec 12, 2013","32.8225","32.7300","32.8325","32.7092","0.20"
"Dec 13, 2013","32.8927","32.8275","32.9175","32.7884","0.21"
"Dec 16, 2013","32.9250","32.8690","32.9604","32.8350","0.10"
"Dec 17, 2013","32.9675","32.9400","32.9913","32.8250","0.13"
"Dec 18, 2013","32.8850","32.9825","32.9913","32.7477","-0.25"
"Dec 19, 2013","32.9700","32.9000","33.0210","32.8493","0.26"
"Dec 20, 2013","32.9700","32.9850","33.0625","32.9400","0.00"
"Dec 23, 2013","32.6950","32.9800","33.0525","32.6060","-0.83"
"Dec 24, 2013","32.6125","32.7100","32.7250","32.5350","-0.25"
"Dec 25, 2013","32.6725","32.6275","32.7600","32.6089","0.18"
"Dec 26, 2013","32.6600","32.6749","32.7350","32.6291","-0.04"
"Dec 27, 2013","32.5975","32.6750","32.6878","32.4749","-0.19"
"Dec 30, 2013","32.8050","32.6125","32.9050","32.6125","0.64"
"Dec 31, 2013","32.8900","32.8200","32.9905","32.7798","0.26"
"Jan 01, 2014","32.8400","32.8550","32.8600","32.8500","-0.15"
"Jan 02, 2014","33.0950","32.8550","33.1490","32.8500","0.78"
"Jan 03, 2014","33.1950","33.1000","33.2100","33.0281","0.30"
"Jan 06, 2014","33.2050","33.1935","33.2963","33.1450","0.03"
"Jan 07, 2014","33.1350","33.1900","33.2690","33.1068","-0.21"
"Jan 08, 2014","33.1720","33.1400","33.2263","33.0468","0.11"
"Jan 09, 2014","33.2027","33.1450","33.2643","33.0582","0.09"
"Jan 10, 2014","32.9870","33.2130","33.3072","32.9945","-0.65"
"Jan 13, 2014","33.2725","33.0475","33.3081","33.0235","0.87"
"Jan 14, 2014","33.3025","33.2875","33.3869","33.2070","0.09"
"Jan 15, 2014","33.3825","33.3175","33.4673","33.3158","0.24"
"Jan 16, 2014","33.4064","33.3975","33.4652","33.3423","0.07"
"Jan 17, 2014","33.6000","33.4164","33.6290","33.3923","0.58"
"Jan 20, 2014","33.7575","33.6150","33.8290","33.5645","0.47"
"Jan 21, 2014","33.9725","33.7725","34.0043","33.7551","0.64"
"Jan 22, 2014","33.9300","33.9775","33.9859","33.8238","-0.13"
"Jan 23, 2014","34.1375","33.9450","34.2128","33.9393","0.61"
"Jan 24, 2014","34.4950","34.1525","34.6368","34.1115","1.05"
"Jan 27, 2014","34.6835","34.5100","34.8665","34.4200","0.55"
"Jan 28, 2014","34.7725","34.6700","34.8720","34.4463","0.26"
"Jan 29, 2014","35.0811","34.6405","35.3001","34.4450","0.89"
"Jan 30, 2014","34.9150","35.0911","35.4580","34.7862","-0.47"
"Jan 31, 2014","35.1662","34.9300","35.3701","34.9300","0.72"
"Feb 03, 2014","35.4400","35.1700","35.5075","35.0871","0.78"
"Feb 04, 2014","35.0100","35.4550","35.5685","34.9600","-1.21"
"Feb 05, 2014","34.8600","35.0225","35.1011","34.6425","-0.43"
"Feb 06, 2014","34.7150","34.8650","34.9230","34.5950","-0.42"
"Feb 07, 2014","34.7375","34.7250","34.8420","34.5400","0.06"
"Feb 10, 2014","34.7350","34.7525","34.8572","34.6791","-0.01"
"Feb 11, 2014","34.7275","34.7500","34.8965","34.6825","-0.02"
"Feb 12, 2014","34.8186","34.7425","34.8517","34.7175","0.26"
"Feb 13, 2014","35.0675","34.8286","35.2775","34.7888","0.71"
"Feb 14, 2014","35.1050","35.0900","35.3955","34.9638","0.11"
"Feb 17, 2014","35.1975","35.1200","35.3048","35.0080","0.26"
"Feb 18, 2014","35.4450","35.2475","35.4955","35.1700","0.70"
"Feb 19, 2014","35.7725","35.4600","35.8922","35.4450","0.92"
"Feb 20, 2014","35.7505","35.7695","35.9313","35.6450","-0.06"
"Feb 21, 2014","35.4950","35.7560","35.8946","35.4687","-0.71"
"Feb 24, 2014","35.5175","35.5100","35.6400","35.3654","0.06"
"Feb 25, 2014","35.7275","35.5325","35.7640","35.4975","0.59"
"Feb 26, 2014","36.0250","35.7425","36.0710","35.7115","0.83"
"Feb 27, 2014","36.0050","36.0400","36.2703","35.9966","-0.06"
"Feb 28, 2014","36.0450","36.0200","36.2260","35.8030","0.11"
"Mar 03, 2014","36.5175","36.6490","36.6800","36.1750","1.31"
"Mar 04, 2014","36.0800","36.5325","36.5325","36.0083","-1.20"
"Mar 05, 2014","36.0300","36.0950","36.2065","35.9085","-0.14"
"Mar 06, 2014","36.1230","36.0450","36.3630","36.0366","0.26"
"Mar 07, 2014","36.3725","36.1975","36.4765","36.1825","0.69"
"Mar 10, 2014","36.3725","36.3875","36.4919","36.3360","0.00"
"Mar 11, 2014","36.4400","36.3875","36.5358","36.3075","0.19"
"Mar 12, 2014","36.4650","36.4550","36.5550","36.4299","0.07"
"Mar 13, 2014","36.5725","36.4850","36.6689","36.4050","0.29"
"Mar 14, 2014","36.5600","36.5870","36.7140","36.5488","-0.03"
"Mar 17, 2014","36.2750","36.6525","36.7352","36.1773","-0.78"
"Mar 18, 2014","36.2300","36.2900","36.6195","36.1840","-0.12"
"Mar 19, 2014","36.1717","36.2450","36.2749","35.8813","-0.16"
"Mar 20, 2014","36.3775","36.1750","36.4715","36.0125","0.57"
"Mar 21, 2014","36.2330","36.3800","36.5285","36.2000","-0.40"
"Mar 24, 2014","36.0800","36.2805","36.3175","36.0375","-0.42"
"Mar 25, 2014","35.4825","36.0950","36.1415","35.4675","-1.66"
"Mar 26, 2014","35.5300","35.4975","35.5839","35.3263","0.13"
"Mar 27, 2014","35.6025","35.5450","35.6657","35.5100","0.20"
"Mar 28, 2014","35.7925","35.6075","35.8100","35.6075","0.53"
"Mar 31, 2014","35.0325","35.7525","35.7700","35.0418","-2.12"
"Apr 01, 2014","35.0375","35.0475","35.1817","34.9315","0.01"
"Apr 02, 2014","35.4375","35.0500","35.5123","35.0325","1.14"
"Apr 03, 2014","35.5675","35.4505","35.6261","35.4125","0.37"
"Apr 04, 2014","35.3136","35.5825","35.6211","35.2225","-0.71"
"Apr 07, 2014","35.6025","35.3286","35.7725","35.2650","0.82"
"Apr 08, 2014","35.7350","35.6175","35.8020","35.3990","0.37"
"Apr 09, 2014","35.5700","35.6925","35.8483","35.5350","-0.46"
"Apr 10, 2014","35.5450","35.5850","35.6150","35.4140","-0.07"
"Apr 11, 2014","35.6300","35.5600","35.7603","35.5255","0.24"
"Apr 14, 2014","35.9750","35.6525","36.0410","35.6525","0.97"
"Apr 15, 2014","36.2525","35.9625","36.3655","35.9275","0.77"
"Apr 16, 2014","36.0236","36.2675","36.3176","35.9400","-0.63"
"Apr 17, 2014","35.4375","36.0375","36.0506","35.4200","-1.63"
"Apr 18, 2014","35.6000","35.4525","35.6400","35.3655","0.46"
"Apr 21, 2014","35.6825","35.6150","35.7513","35.5750","0.23"
"Apr 22, 2014","35.6800","35.7000","35.7765","35.6287","-0.01"
"Apr 23, 2014","35.7000","35.6950","35.7445","35.6038","0.06"
"Apr 24, 2014","35.7600","35.7150","35.8188","35.6305","0.17"
"Apr 25, 2014","36.0050","35.7750","36.0893","35.7225","0.69"
"Apr 28, 2014","35.8350","36.0200","36.1096","35.7515","-0.47"
"Apr 29, 2014","35.6250","35.8567","35.8717","35.5213","-0.59"
"Apr 30, 2014","35.6220","35.6400","35.7713","35.5940","-0.01"
"May 01, 2014","35.6225","35.6375","35.6745","35.5500","0.00"
"May 02, 2014","35.8325","35.6150","35.9110","35.5743","0.59"
"May 05, 2014","35.7225","35.9125","35.9125","35.6839","-0.31"
"May 06, 2014","35.4050","35.6925","35.7275","35.3655","-0.89"
"May 07, 2014","34.9225","35.4635","35.5500","34.8938","-1.36"
"May 08, 2014","35.1125","34.9375","35.1753","34.7413","0.54"
"May 09, 2014","35.2175","35.1275","35.3510","35.0425","0.30"
"May 12, 2014","35.0000","35.2350","35.3053","34.9695","-0.62"
"May 13, 2014","34.8600","35.0300","35.0362","34.7625","-0.40"
"May 14, 2014","34.6675","34.8700","34.8700","34.6034","-0.55"
"May 15, 2014","34.7600","34.6825","34.8775","34.6040","0.27"
"May 16, 2014","34.7300","34.7750","34.8530","34.6691","-0.09"
"May 19, 2014","34.5825","34.7425","34.8538","34.4590","-0.42"
"May 20, 2014","34.5025","34.6000","34.7185","34.4850","-0.23"
"May 21, 2014","34.3325","34.5175","34.5925","34.2569","-0.49"
"May 22, 2014","34.2975","34.3475","34.3875","34.2175","-0.10"
"May 23, 2014","34.1100","34.3125","34.3745","34.0650","-0.55"
"May 26, 2014","34.1700","34.1250","34.2175","34.0050","0.18"
"May 27, 2014","34.4125","34.1850","34.4740","34.1425","0.71"
"May 28, 2014","34.5678","34.4275","34.5990","34.3670","0.45"
"May 29, 2014","34.6600","34.5450","34.7213","34.5175","0.27"
"May 30, 2014","34.9150","34.6750","34.9428","34.6310","0.74"
"Jun 02, 2014","35.0500","34.9250","35.1350","34.8369","0.39"
"Jun 03, 2014","35.0875","35.0550","35.1125","34.9275","0.11"
"Jun 04, 2014","34.9675","35.0900","35.2573","34.9625","-0.34"
"Jun 05, 2014","34.6825","34.9600","35.0290","34.6580","-0.82"
"Jun 06, 2014","34.4325","34.6975","34.7665","34.3850","-0.72"
"Jun 09, 2014","34.3525","34.4475","34.4965","34.2525","-0.23"
"Jun 10, 2014","34.3588","34.3675","34.4170","34.2597","0.02"
"Jun 11, 2014","34.3830","34.3275","34.4583","34.2823","0.07"
"Jun 12, 2014","34.3550","34.4000","34.4290","34.2711","-0.08"
"Jun 13, 2014","34.3700","34.3935","34.4985","34.3288","0.04"
"Jun 16, 2014","34.6100","34.4350","34.6873","34.4012","0.70"
"Jun 17, 2014","34.8275","34.6225","34.8830","34.6225","0.63"
"Jun 18, 2014","34.3720","34.8281","34.8755","34.3713","-1.31"
"Jun 19, 2014","34.3700","34.4000","34.4595","34.1550","-0.01"
"Jun 20, 2014","34.4425","34.3825","34.5461","34.3210","0.21"
"Jun 23, 2014","34.0829","34.4359","34.4619","34.0800","-1.04"
"Jun 24, 2014","33.8025","34.1055","34.1430","33.6380","-0.82"
"Jun 25, 2014","33.7498","33.8100","33.9615","33.6438","-0.16"
"Jun 26, 2014","33.7115","33.8078","33.8150","33.6424","-0.11"
"Jun 27, 2014","33.7479","33.7215","33.7700","33.5450","0.11"
"Jun 30, 2014","33.9779","33.7450","34.0718","33.7122","0.68"
"Jul 01, 2014","34.3525","33.9879","34.3741","33.9799","1.10"
"Jul 02, 2014","34.2700","34.3659","34.3905","34.1525","-0.24"
"Jul 03, 2014","34.2863","34.2525","34.4180","34.1388","0.05"
"Jul 04, 2014","34.3893","34.2963","34.5105","34.2152","0.30"
"Jul 07, 2014","34.4275","34.4075","34.6340","34.3923","0.11"
"Jul 08, 2014","34.2075","34.4685","34.5318","34.1938","-0.64"
"Jul 09, 2014","33.9233","34.2300","34.2405","33.9138","-0.83"
"Jul 10, 2014","34.0500","33.9403","34.1738","33.7850","0.37"
"Jul 11, 2014","34.1718","34.0050","34.2368","33.9395","0.36"
"Jul 14, 2014","34.3175","34.1988","34.3727","34.1081","0.43"
"Jul 15, 2014","34.3925","34.3400","34.4280","34.2758","0.22"
"Jul 16, 2014","34.5775","34.4075","34.6220","34.3200","0.54"
"Jul 17, 2014","35.2657","34.5725","35.2845","34.5575","1.99"
"Jul 18, 2014","35.1730","35.2757","35.2939","34.9700","-0.26"
"Jul 21, 2014","35.1700","35.1875","35.2380","35.0280","-0.01"
"Jul 22, 2014","34.9901","35.1900","35.2050","34.8508","-0.51"
"Jul 23, 2014","34.8725","34.9575","34.9950","34.7550","-0.34"
"Jul 24, 2014","35.0825","34.8875","35.1555","34.8445","0.60"
"Jul 25, 2014","35.1296","35.0925","35.1575","35.0071","0.13"
"Jul 28, 2014","35.5500","35.1400","35.5800","35.1000","1.20"
"Jul 29, 2014","35.8250","35.5675","35.9320","35.4568","0.77"
"Jul 30, 2014","35.5691","35.8300","35.9535","35.4903","-0.71"
"Jul 31, 2014","35.7191","35.5835","35.8191","35.3885","0.42"
"Aug 01, 2014","35.7542","35.7493","35.8450","35.6740","0.10"
"Aug 04, 2014","35.8523","35.7587","35.8650","35.6164","0.27"
"Aug 05, 2014","36.0973","35.8623","36.1161","35.7180","0.68"
"Aug 06, 2014","36.1865","36.1073","36.2988","36.0530","0.25"
"Aug 07, 2014","36.3200","36.2094","36.4273","36.1427","0.37"
"Aug 08, 2014","36.1480","36.3290","36.5550","36.1075","-0.47"
"Aug 11, 2014","35.9030","36.1745","36.2078","35.9000","-0.68"
"Aug 12, 2014","36.1820","35.9175","36.2143","35.8930","0.78"
"Aug 13, 2014","35.9914","36.1865","36.2982","35.9795","-0.53"
"Aug 14, 2014","36.0247","35.9972","36.1068","35.8108","0.09"
"Aug 15, 2014","36.1100","36.0347","36.3000","35.8877","0.24"
"Aug 18, 2014","36.0705","36.1107","36.1245","35.9257","-0.11"
"Aug 19, 2014","36.1650","36.0805","36.2210","36.0078","0.26"
"Aug 20, 2014","36.3275","36.1705","36.3838","36.1533","0.45"
"Aug 21, 2014","36.0005","36.3423","36.3990","35.9903","-0.90"
"Aug 22, 2014","36.1352","36.0013","36.3783","35.9328","0.37"
"Aug 25, 2014","36.1215","36.1162","36.2283","36.0875","-0.04"
"Aug 26, 2014","36.1550","36.1250","36.2180","36.0420","0.09"
"Aug 27, 2014","36.1727","36.1525","36.2035","35.9975","0.05"
"Aug 28, 2014","36.7631","36.1827","36.8950","36.1450","1.63"
"Aug 29, 2014","37.0475","36.7731","37.2161","36.6986","0.77"
"Sep 01, 2014","37.3225","37.0812","37.5200","37.0812","0.74"
"Sep 02, 2014","37.4410","37.3550","37.5023","37.2518","0.32"
"Sep 03, 2014","36.8475","37.4418","37.4820","36.6595","-1.59"
"Sep 04, 2014","36.9800","36.8525","37.1017","36.6840","0.36"
"Sep 05, 2014","36.9400","36.9808","37.2044","36.6648","-0.11"
"Sep 08, 2014","37.0459","36.9570","37.1583","36.8615","0.29"
"Sep 09, 2014","37.0888","37.0299","37.1900","36.9645","0.12"
"Sep 10, 2014","37.2921","37.0988","37.4650","37.0382","0.55"
"Sep 11, 2014","37.5518","37.3021","37.6388","37.2536","0.70"
"Sep 12, 2014","37.7850","37.5498","37.9750","37.4983","0.62"
"Sep 15, 2014","38.3450","37.7857","38.4391","37.7505","1.48"
"Sep 16, 2014","38.3225","38.3550","38.8800","38.2140","-0.06"
"Sep 17, 2014","38.5050","38.3350","38.5900","38.2290","0.48"
"Sep 18, 2014","38.4439","38.5375","38.6100","38.3045","-0.16"
"Sep 19, 2014","38.4275","38.4258","38.5531","38.3415","-0.04"
"Sep 22, 2014","38.6600","38.4652","38.7484","38.3420","0.61"
"Sep 23, 2014","38.6000","38.6875","38.7707","38.4901","-0.16"
"Sep 24, 2014","38.1700","38.5975","38.5975","38.1370","-1.11"
"Sep 25, 2014","38.4777","38.2250","38.5560","38.1698","0.81"
"Sep 26, 2014","39.1375","38.5125","39.1981","38.4950","1.71"
"Sep 29, 2014","39.4619","39.1512","39.6013","39.1325","0.83"
"Sep 30, 2014","39.5936","39.4719","39.7950","39.2960","0.33"
"Oct 01, 2014","39.6680","39.5925","39.7506","39.3588","0.19"
"Oct 02, 2014","39.5472","39.6675","39.7350","39.4158","-0.30"
"Oct 03, 2014","39.9760","39.5613","40.0086","39.5588","1.08"
"Oct 06, 2014","39.7160","39.9767","40.0560","39.7075","-0.65"
"Oct 07, 2014","39.9400","39.7253","39.9865","39.6550","0.56"
"Oct 08, 2014","39.9700","39.9407","40.1631","39.8858","0.08"
"Oct 09, 2014","40.1310","39.9800","40.1514","39.7970","0.40"
"Oct 10, 2014","40.3550","40.1275","40.4695","40.0987","0.56"
"Oct 13, 2014","40.4275","40.3650","40.5544","40.2008","0.18"
"Oct 14, 2014","40.9137","40.4525","40.9689","40.4200","1.20"
"Oct 15, 2014","40.3941","40.9536","41.0537","40.3950","-1.27"
"Oct 16, 2014","40.8725","40.4050","41.1608","40.4050","1.18"
"Oct 17, 2014","40.7390","40.8733","41.1538","40.5618","-0.33"
"Oct 20, 2014","41.0425","40.8365","41.0913","40.7785","0.74"
"Oct 21, 2014","40.9475","41.0650","41.1195","40.8755","-0.23"
"Oct 22, 2014","41.3750","40.9400","41.4405","40.8650","1.04"
"Oct 23, 2014","41.6950","41.3625","41.8150","41.3625","0.77"
"Oct 24, 2014","41.9075","41.6775","42.0173","41.6533","0.51"
"Oct 27, 2014","42.2500","41.9082","42.3101","41.7778","0.82"
"Oct 28, 2014","42.4350","42.2555","42.6088","42.2283","0.44"
"Oct 29, 2014","43.1750","42.4387","43.2295","42.4343","1.74"
"Oct 30, 2014","41.5720","43.1750","43.8750","41.1950","-3.71"
"Oct 31, 2014","43.0075","41.5728","43.1410","41.5368","3.45"
"Nov 03, 2014","43.5950","43.0143","43.6240","43.0062","1.37"
"Nov 04, 2014","43.5850","43.5750","43.8070","43.5542","-0.02"
"Nov 05, 2014","44.8870","43.7000","45.0193","43.7000","2.99"
"Nov 06, 2014","46.8200","44.9200","46.8745","44.8050","4.31"
"Nov 07, 2014","46.6710","46.8350","48.6075","45.7550","-0.32"
"Nov 10, 2014","45.8610","46.6718","46.6795","44.9575","-1.74"
"Nov 11, 2014","46.3700","45.8618","46.9875","45.7100","1.11"
"Nov 12, 2014","45.5150","46.1900","46.5138","45.5160","-1.84"
"Nov 13, 2014","46.7025","45.8860","46.8275","45.7858","2.61"
"Nov 14, 2014","47.1851","46.7100","47.8444","46.6958","1.03"
"Nov 17, 2014","47.1125","47.1870","47.4872","47.0558","-0.15"
"Nov 18, 2014","46.9001","47.1205","47.2541","46.5826","-0.45"
"Nov 19, 2014","46.8583","46.9076","47.1249","46.6520","-0.09"
"Nov 20, 2014","46.1560","46.8658","46.8904","46.1230","-1.50"
"Nov 21, 2014","45.6897","46.1693","46.1702","45.3255","-1.01"
"Nov 24, 2014","44.9937","45.7047","45.7047","44.3598","-1.52"
"Nov 25, 2014","46.3000","45.0021","46.3150","44.6310","2.90"
"Nov 26, 2014","47.4200","46.3150","47.4300","46.2000","2.42"
"Nov 27, 2014","48.6360","47.4000","48.7413","46.7080","2.56"
"Nov 28, 2014","50.3800","48.6435","50.4240","48.6435","3.59"
"Dec 01, 2014","51.1850","50.9000","53.8738","50.8960","1.60"
"Dec 02, 2014","53.8710","50.8500","54.3500","50.4945","5.25"
"Dec 03, 2014","53.4810","53.8860","54.8625","52.6670","-0.72"
"Dec 04, 2014","54.3840","52.5250","54.5025","52.1265","1.69"
"Dec 05, 2014","52.6150","54.3890","54.3930","52.4763","-3.25"
"Dec 08, 2014","53.7450","52.8750","53.8910","52.8750","2.15"
"Dec 09, 2014","54.0630","53.7700","54.3563","53.7320","0.59"
"Dec 10, 2014","54.8650","54.5200","54.8765","54.0921","1.48"
"Dec 11, 2014","56.4200","54.8600","56.5510","54.6925","2.83"
"Dec 12, 2014","58.2140","56.4340","58.5313","56.3800","3.18"
"Dec 15, 2014","65.8975","58.2000","65.9725","57.9140","13.20"
"Dec 16, 2014","68.4175","60.9220","79.9563","58.9975","3.82"
"Dec 17, 2014","60.1510","68.5000","72.8045","59.5465","-12.08"
"Dec 18, 2014","61.9350","60.2000","63.9788","58.0710","2.97"
"Dec 19, 2014","58.2505","61.9370","63.0365","58.2548","-5.95"
"Dec 22, 2014","55.6200","58.2410","58.3855","54.0610","-4.52"
"Dec 23, 2014","54.4800","56.0500","56.3750","52.9438","-2.05"
"Dec 24, 2014","53.3000","54.5700","55.5815","53.2235","-2.17"
"Dec 25, 2014","53.0000","53.5500","54.1285","51.8475","-0.56"
"Dec 26, 2014","53.9480","53.1000","54.7900","51.6418","1.79"
"Dec 29, 2014","59.1160","53.9438","59.2108","53.9225","9.58"
"Dec 30, 2014","55.2900","59.1210","59.5838","54.7930","-6.47"
"Dec 31, 2014","58.0470","55.5950","60.5945","55.4250","4.99"
"Jan 01, 2015","58.0470","58.0470","58.0470","58.0470","0.00"
"Jan 02, 2015","58.7450","58.0470","61.2500","57.9980","1.20"
"Jan 05, 2015","60.4125","59.3500","61.1640","57.9101","2.84"
"Jan 06, 2015","63.1450","60.2125","64.2275","60.0075","4.52"
"Jan 07, 2015","62.6500","63.7500","64.0425","62.1900","-0.78"
"Jan 08, 2015","59.8600","62.8500","63.0050","59.4040","-4.45"
"Jan 09, 2015","61.2800","59.7250","62.3100","59.5775","2.37"
"Jan 12, 2015","63.1850","61.1500","63.5830","61.0500","3.11"
"Jan 13, 2015","65.1900","63.1450","66.5640","62.6000","3.17"
"Jan 14, 2015","64.3350","65.3200","66.7870","64.2438","-1.31"
"Jan 15, 2015","65.1400","64.3500","66.2337","63.1963","1.25"
"Jan 16, 2015","65.0100","65.2250","65.6870","64.6580","-0.20"
"Jan 19, 2015","64.9840","64.9599","65.7613","64.0932","-0.04"
"Jan 20, 2015","65.1000","65.0100","65.8210","64.5850","0.18"
"Jan 21, 2015","65.2200","65.2450","66.1223","64.9050","0.18"
"Jan 22, 2015","64.1710","65.3100","65.8240","64.0900","-1.61"
"Jan 23, 2015","64.0100","64.1805","65.4575","62.9464","-0.25"
"Jan 26, 2015","68.3200","63.9238","69.4100","63.8783","6.73"
"Jan 27, 2015","67.6140","68.5300","68.5973","66.3275","-1.03"
"Jan 28, 2015","67.9950","67.7750","68.2575","66.6890","0.56"
"Jan 29, 2015","68.8800","68.0000","69.5305","67.6555","1.30"
"Jan 30, 2015","69.0825","68.9000","71.8915","68.2445","0.29"
"Feb 02, 2015","68.2750","69.5313","70.6700","68.0200","-1.17"
"Feb 03, 2015","65.1750","68.3950","68.5020","64.7450","-4.54"
"Feb 04, 2015","67.8500","65.2250","68.7300","64.5087","4.10"
"Feb 05, 2015","66.5170","68.0125","69.0688","65.8900","-1.96"
"Feb 06, 2015","67.1050","66.5535","67.6662","65.5910","0.88"
"Feb 09, 2015","65.8600","66.6637","67.1200","65.1185","-1.86"
"Feb 10, 2015","65.4550","65.8650","67.0340","65.0185","-0.61"
"Feb 11, 2015","65.2500","65.4600","66.9762","64.9775","-0.31"
"Feb 12, 2015","65.2700","65.2550","67.5838","64.3950","0.03"
"Feb 13, 2015","63.5000","65.2750","65.6475","62.9513","-2.71"
"Feb 16, 2015","63.1840","63.3638","63.6860","62.0153","-0.50"
"Feb 17, 2015","62.5050","63.1890","63.5705","61.9900","-1.07"
"Feb 18, 2015","61.5820","62.5100","62.8820","61.1155","-1.48"
"Feb 19, 2015","61.9000","61.5870","62.7373","61.1408","0.52"
"Feb 20, 2015","61.7150","61.9050","62.3650","61.3700","-0.30"
"Feb 23, 2015","63.7500","62.2000","64.6513","61.5500","3.30"
"Feb 24, 2015","63.1800","63.6050","64.1988","62.4650","-0.89"
"Feb 25, 2015","61.1600","62.8050","63.0338","61.2150","-3.20"
"Feb 26, 2015","61.1500","61.3940","61.8500","59.7835","-0.02"
"Feb 27, 2015","61.5300","61.1800","62.1488","60.8588","0.62"
"Mar 02, 2015","62.3400","61.5680","62.8150","61.3232","1.32"
"Mar 03, 2015","61.8870","62.6550","62.8500","61.6200","-0.73"
"Mar 04, 2015","61.8600","61.8920","62.3978","61.4975","-0.04"
"Mar 05, 2015","60.7700","61.9500","62.2645","60.5353","-1.76"
"Mar 06, 2015","60.3650","60.8260","61.1163","59.2693","-0.67"
"Mar 09, 2015","60.7395","60.4438","61.0850","60.1175","0.62"
"Mar 10, 2015","62.3150","60.8313","62.7850","60.1313","2.59"
"Mar 11, 2015","61.4350","62.4675","63.0793","61.2695","-1.41"
"Mar 12, 2015","61.1450","61.6250","61.9073","60.2485","-0.47"
"Mar 13, 2015","62.1100","61.1850","62.7455","60.6038","1.58"
"Mar 16, 2015","61.9950","62.2913","62.7805","61.7045","-0.19"
"Mar 17, 2015","61.3800","62.1950","62.3775","61.3225","-0.99"
"Mar 18, 2015","59.3450","61.4638","61.5990","58.9545","-3.32"
"Mar 19, 2015","60.0710","59.1150","60.3223","59.0825","1.22"
"Mar 20, 2015","59.1450","59.9950","60.7100","58.9483","-1.54"
"Mar 23, 2015","58.7300","59.2813","59.9165","58.5665","-0.70"
"Mar 24, 2015","57.6900","58.7460","59.0955","57.4457","-1.77"
"Mar 25, 2015","57.3300","57.6950","58.0805","56.6153","-0.62"
"Mar 26, 2015","57.3150","57.3350","57.7558","56.0235","-0.03"
"Mar 27, 2015","57.8550","57.3480","58.0950","57.0225","0.94"
"Mar 30, 2015","57.6100","58.0413","58.8500","57.4638","-0.42"
"Mar 31, 2015","58.2050","57.6150","58.3225","57.2000","1.03"
"Apr 01, 2015","57.6100","58.2738","58.5280","57.3625","-1.02"
"Apr 02, 2015","56.2500","57.7063","57.7846","56.1678","-2.36"
"Apr 03, 2015","56.4325","56.3688","57.2030","55.8931","0.32"
"Apr 06, 2015","55.3550","56.5338","56.8838","55.0813","-1.91"
"Apr 07, 2015","55.0260","55.4913","55.8413","54.7513","-0.59"
"Apr 08, 2015","53.6370","55.0310","55.1332","53.4175","-2.52"
"Apr 09, 2015","51.8470","53.6420","53.7445","51.8250","-3.34"
"Apr 10, 2015","53.6000","51.8670","53.7293","50.2695","3.38"
"Apr 13, 2015","52.0300","53.8713","53.8713","51.8475","-2.93"
"Apr 14, 2015","50.8970","52.0350","52.5738","50.6345","-2.18"
"Apr 15, 2015","49.7000","50.9020","51.0238","49.5260","-2.35"
"Apr 16, 2015","49.8000","49.8125","50.3513","49.2550","0.20"
"Apr 17, 2015","51.8950","49.8438","52.8320","49.5000","4.21"
"Apr 20, 2015","53.3350","51.9000","53.8598","51.2640","2.77"
"Apr 21, 2015","53.8000","53.3400","54.1625","53.0163","0.87"
"Apr 22, 2015","52.1800","53.7250","53.9960","51.8488","-3.01"
"Apr 23, 2015","50.7650","52.1850","52.5350","50.6588","-2.71"
"Apr 24, 2015","50.8150","50.8150","51.5512","50.0597","0.10"
"Apr 27, 2015","51.7750","50.9188","52.1945","50.3675","1.89"
"Apr 28, 2015","51.5550","52.1538","52.6363","51.0638","-0.42"
"Apr 29, 2015","50.8650","51.2588","52.2813","50.6663","-1.34"
"Apr 30, 2015","51.5650","51.0288","52.2400","50.6600","1.38"
"May 01, 2015","51.7760","51.7130","52.1030","51.3050","0.41"
"May 04, 2015","52.0100","51.7938","52.2950","51.3000","0.45"
"May 05, 2015","50.4850","52.1113","52.2938","50.3132","-2.93"
"May 06, 2015","50.4500","50.5313","51.0600","49.6638","-0.07"
"May 07, 2015","50.0230","50.8988","51.0325","49.9725","-0.85"
"May 08, 2015","50.7590","50.0730","51.3482","49.9773","1.47"
"May 11, 2015","51.1450","50.4185","51.8450","50.4175","0.76"
"May 12, 2015","49.9446","51.2463","51.5775","49.9013","-2.35"
"May 13, 2015","49.2560","50.1188","50.6769","48.8263","-1.38"
"May 14, 2015","50.0200","49.2000","50.8594","49.0850","1.55"
"May 15, 2015","49.4350","50.0250","50.2825","49.1988","-1.17"
"May 18, 2015","49.2175","49.5338","49.6800","48.9112","-0.44"
"May 19, 2015","49.4700","49.2230","49.7775","48.9385","0.51"
"May 20, 2015","49.7010","49.7350","50.2235","49.3975","0.47"
"May 21, 2015","49.9650","49.7060","50.3450","49.4830","0.53"
"May 22, 2015","49.9250","49.9950","50.1520","49.4843","-0.08"
"May 25, 2015","49.9200","50.0022","50.3358","49.4973","-0.01"
"May 26, 2015","50.8200","49.9680","51.0645","49.7580","1.80"
"May 27, 2015","51.7825","50.9650","52.1050","50.6765","1.89"
"May 28, 2015","52.5250","51.6750","53.0834","51.6413","1.43"
"May 29, 2015","52.3550","52.7850","53.2515","52.1575","-0.32"
"Jun 01, 2015","53.4800","52.3405","53.6872","52.1795","2.15"
"Jun 02, 2015","52.7350","53.6300","53.7865","52.3950","-1.39"
"Jun 03, 2015","54.3000","52.7850","54.4547","52.4925","2.97"
"Jun 04, 2015","56.2350","54.3125","56.7465","54.1349","3.56"
"Jun 05, 2015","56.1950","56.0600","57.2223","55.5348","-0.07"
"Jun 08, 2015","55.9950","56.1260","56.4759","55.6098","-0.36"
"Jun 09, 2015","55.6625","56.0000","56.2442","55.3473","-0.59"
"Jun 10, 2015","54.3160","55.6660","55.7030","53.7475","-2.42"
"Jun 11, 2015","54.7980","54.3360","54.9947","53.8730","0.89"
"Jun 12, 2015","55.0900","55.1000","55.3722","55.0048","0.53"
"Jun 15, 2015","54.5000","55.2138","55.7347","54.3153","-1.07"
"Jun 16, 2015","54.0550","54.5050","55.2108","53.4673","-0.82"
"Jun 17, 2015","53.6300","53.7300","54.3375","53.4473","-0.79"
"Jun 18, 2015","53.4700","53.6675","53.9455","52.9823","-0.30"
"Jun 19, 2015","54.0000","53.4730","54.5947","53.1470","0.99"
"Jun 22, 2015","53.9350","54.0360","54.2200","53.2440","-0.12"
"Jun 23, 2015","53.7800","53.9364","54.7172","53.6540","-0.29"
"Jun 24, 2015","54.2580","53.8225","54.7834","53.5998","0.89"
"Jun 25, 2015","54.6629","54.2780","55.0197","54.0138","0.75"
"Jun 26, 2015","54.7730","54.7250","55.3984","54.4798","0.20"
"Jun 29, 2015","55.6750","55.3138","55.8222","55.1348","1.65"
"Jun 30, 2015","55.3000","55.7200","56.0193","54.8685","-0.67"
"Jul 01, 2015","55.8000","55.3050","55.9122","55.1627","0.90"
"Jul 02, 2015","55.4800","55.8480","56.0797","55.3035","-0.57"
"Jul 03, 2015","55.9355","55.4700","56.1822","55.2198","0.82"
"Jul 06, 2015","56.8890","56.1413","56.9697","55.8057","1.70"
"Jul 07, 2015","56.7390","56.8538","57.7430","56.3973","-0.26"
"Jul 08, 2015","57.3950","56.6750","57.6933","56.5958","1.16"
"Jul 09, 2015","57.0993","57.4850","57.5938","56.5330","-0.52"
"Jul 10, 2015","56.3350","57.1650","57.4278","56.1613","-1.34"
"Jul 13, 2015","56.5108","56.4185","56.8847","56.1975","0.31"
"Jul 14, 2015","56.3930","56.5250","57.2403","56.2484","-0.21"
"Jul 15, 2015","56.8805","56.4238","57.0422","56.1273","0.86"
"Jul 16, 2015","56.9420","56.8700","57.2222","56.4648","0.11"
"Jul 17, 2015","56.9365","56.9710","57.1734","56.6443","-0.01"
"Jul 20, 2015","57.2050","56.9413","57.5088","56.6995","0.47"
"Jul 21, 2015","56.9280","56.9888","57.2972","56.6813","-0.48"
"Jul 22, 2015","56.9550","56.9838","57.6884","56.7998","0.05"
"Jul 23, 2015","57.6890","57.1938","58.0797","56.7473","1.29"
"Jul 24, 2015","58.4455","57.9238","58.7872","57.7473","1.31"
"Jul 27, 2015","59.9955","58.4488","60.0003","58.2322","2.65"
"Jul 28, 2015","59.8680","60.0000","60.9297","59.4973","-0.21"
"Jul 29, 2015","58.4940","59.8963","60.3672","58.4379","-2.30"
"Jul 30, 2015","59.7355","58.5138","59.9834","58.4335","2.12"
"Jul 31, 2015","61.7260","59.7938","61.8384","59.4454","3.33"
"Aug 03, 2015","63.5543","61.7250","63.6747","61.4448","2.96"
"Aug 04, 2015","62.8218","63.5588","63.8647","62.4329","-1.15"
"Aug 05, 2015","63.4890","62.8030","63.8653","62.4023","1.06"
"Aug 06, 2015","63.9555","63.5390","64.6772","63.1260","0.73"
"Aug 07, 2015","64.0215","63.9600","64.7359","63.3960","0.10"
"Aug 10, 2015","63.0205","64.0288","64.7228","62.6760","-1.56"
"Aug 11, 2015","64.1890","63.0250","64.5809","62.8048","1.85"
"Aug 12, 2015","64.4755","64.2438","65.2778","64.0300","0.45"
"Aug 13, 2015","64.7343","64.4800","65.1272","63.6248","0.40"
"Aug 14, 2015","64.8580","64.7390","65.1497","64.3470","0.19"
"Aug 17, 2015","65.3030","65.3562","65.7803","64.8760","0.69"
"Aug 18, 2015","65.8175","65.3080","66.0209","65.0472","0.79"
"Aug 19, 2015","66.5850","65.8210","66.7422","65.4180","1.17"
"Aug 20, 2015","67.8655","66.5900","68.1447","66.5479","1.92"
"Aug 21, 2015","69.0443","67.8375","69.3422","67.6625","1.74"
"Aug 24, 2015","70.8440","69.0488","71.6647","69.0204","2.61"
"Aug 25, 2015","68.9555","70.8963","71.2728","68.1423","-2.67"
"Aug 26, 2015","68.9418","68.9600","70.0040","68.2804","-0.02"
"Aug 27, 2015","66.1543","68.9460","69.1585","65.7775","-4.04"
"Aug 28, 2015","65.2015","66.1588","67.4115","64.7910","-1.44"
"Aug 31, 2015","63.8430","65.2060","67.4559","63.6938","-2.08"
"Sep 01, 2015","66.1505","63.8630","66.9127","63.8630","3.61"
"Sep 02, 2015","66.9550","66.1550","68.1122","66.1373","1.22"
"Sep 03, 2015","66.4400","66.9750","67.7296","66.1625","-0.77"
"Sep 04, 2015","68.4620","66.4600","68.5387","66.4600","3.04"
"Sep 07, 2015","69.0960","67.7000","69.3584","67.7000","0.93"
"Sep 08, 2015","68.0140","69.1163","69.4578","67.6722","-1.57"
"Sep 09, 2015","68.4420","68.0163","68.5708","67.2198","0.63"
"Sep 10, 2015","67.6320","68.1062","69.0572","67.4370","-1.18"
"Sep 11, 2015","67.7750","67.6938","68.3546","67.1673","0.21"
"Sep 14, 2015","67.6816","67.8963","68.1475","67.1023","-0.14"
"Sep 15, 2015","66.8165","67.7500","68.5584","66.5023","-1.28"
"Sep 16, 2015","65.4890","66.8212","66.9903","64.8498","-1.99"
"Sep 17, 2015","65.4000","65.5390","66.3571","64.8635","-0.14"
"Sep 18, 2015","66.4000","65.5087","66.6965","65.1023","1.53"
"Sep 21, 2015","66.0290","66.4738","66.7097","65.6323","-0.56"
"Sep 22, 2015","65.9750","66.1188","66.7709","65.8004","-0.08"
"Sep 23, 2015","66.5550","66.0463","66.9228","65.4598","0.88"
"Sep 24, 2015","66.1330","66.7513","66.9471","65.8497","-0.63"
"Sep 25, 2015","65.4950","66.1375","66.3640","65.2754","-0.96"
"Sep 28, 2015","66.2150","65.3088","66.5478","65.2198","1.10"
"Sep 29, 2015","66.2000","66.3500","66.5352","65.3735","-0.02"
"Sep 30, 2015","65.3218","66.2463","66.2997","65.2010","-1.33"
"Oct 01, 2015","65.5230","65.3263","65.9122","64.7423","0.31"
"Oct 02, 2015","66.1055","65.5275","66.7172","65.4510","0.89"
"Oct 05, 2015","64.4793","66.1475","66.1888","64.4160","-2.46"
"Oct 06, 2015","63.2793","64.4838","65.2984","62.9583","-1.86"
"Oct 07, 2015","61.8330","63.2838","63.6903","61.8285","-2.29"
"Oct 08, 2015","61.3500","61.8530","63.0378","61.2948","-0.78"
"Oct 09, 2015","61.8043","61.4488","61.9328","60.7256","0.74"
"Oct 12, 2015","61.6450","61.4500","62.6072","60.8771","-0.26"
"Oct 13, 2015","62.9800","61.6725","63.2425","61.5848","2.17"
"Oct 14, 2015","62.6810","63.0810","63.3993","62.5075","-0.47"
"Oct 15, 2015","61.3920","62.7013","62.7850","61.3480","-2.06"
"Oct 16, 2015","61.0525","61.4063","62.1463","60.7775","-0.55"
"Oct 19, 2015","62.3725","61.7850","62.7013","61.0045","2.16"
"Oct 20, 2015","61.8825","62.4738","62.7200","61.6438","-0.79"
"Oct 21, 2015","62.5225","61.9838","63.2338","61.8825","1.03"
"Oct 22, 2015","62.3500","62.5280","63.4225","62.3563","-0.28"
"Oct 23, 2015","62.1700","62.6588","62.7825","61.6350","-0.29"
"Oct 26, 2015","62.9650","62.4788","63.1100","61.9750","1.28"
"Oct 27, 2015","65.4300","63.0150","65.4925","62.9925","3.91"
"Oct 28, 2015","63.8825","65.4538","65.5288","63.3488","-2.37"
"Oct 29, 2015","64.2651","63.9850","64.7488","63.4275","0.60"
"Oct 30, 2015","64.0000","64.2400","64.6750","63.4488","-0.41"
"Nov 02, 2015","63.6216","63.9650","64.4518","63.3400","-0.59"
"Nov 03, 2015","62.5350","63.6000","64.1138","62.3250","-1.71"
"Nov 04, 2015","63.1400","62.5850","63.3738","62.1945","0.97"
"Nov 05, 2015","63.2600","63.3250","63.7975","62.8175","0.19"
"Nov 06, 2015","64.2350","63.3430","64.8688","62.8669","1.54"
"Nov 09, 2015","64.5577","64.5013","64.9843","64.1225","0.50"
"Nov 10, 2015","64.4000","64.6332","64.8025","64.0500","-0.24"
"Nov 11, 2015","65.2950","64.5462","65.7113","64.1850","1.39"
"Nov 12, 2015","66.5975","65.4287","66.9225","65.1100","1.99"
"Nov 13, 2015","66.8250","66.5679","67.0963","65.9650","0.34"
"Nov 16, 2015","65.3080","66.7401","67.0725","65.0550","-2.27"
"Nov 17, 2015","65.0525","65.1750","65.7880","64.5650","-0.39"
"Nov 18, 2015","64.8100","65.1388","65.5387","64.5463","-0.37"
"Nov 19, 2015","64.4800","64.7638","65.1598","64.3588","-0.51"
"Nov 20, 2015","64.6000","64.5250","65.0600","64.3163","0.19"
"Nov 23, 2015","65.8150","64.7400","66.2563","64.4500","1.88"
"Nov 24, 2015","65.4450","65.8650","66.5050","65.1881","-0.56"
"Nov 25, 2015","65.5750","65.4950","66.1375","64.8538","0.20"
"Nov 26, 2015","65.8370","65.6250","66.0813","65.3707","0.40"
"Nov 27, 2015","66.3550","65.8272","66.5130","65.4175","0.79"
"Nov 30, 2015","66.3000","66.4325","66.9180","65.7210","-0.08"
"Dec 01, 2015","66.6525","66.3500","66.9185","66.0550","0.53"
"Dec 02, 2015","67.4150","66.6650","67.6288","66.5000","1.14"
"Dec 03, 2015","67.4280","67.4650","68.2413","67.2287","0.02"
"Dec 04, 2015","68.0250","67.6250","68.3588","67.2345","0.89"
"Dec 07, 2015","69.1550","68.1675","69.7463","68.1613","1.66"
"Dec 08, 2015","69.4500","69.1670","69.9588","69.0395","0.43"
"Dec 09, 2015","69.6100","69.5000","69.7725","68.7075","0.23"
"Dec 10, 2015","68.2050","69.6750","69.7525","68.2003","-2.02"
"Dec 11, 2015","70.3600","68.7160","70.6800","68.6618","3.16"
"Dec 14, 2015","70.4700","70.0875","71.2188","70.0375","0.16"
"Dec 15, 2015","69.9084","70.4429","71.0565","69.5750","-0.80"
"Dec 16, 2015","70.2650","69.9511","70.6425","69.5002","0.51"
"Dec 17, 2015","71.2900","70.2880","71.6200","70.2465","1.46"
"Dec 18, 2015","71.0070","71.3400","71.4650","70.5063","-0.40"
"Dec 21, 2015","71.1745","71.2500","71.4638","70.8445","0.24"
"Dec 22, 2015","71.1880","71.2250","71.4150","70.9553","0.02"
"Dec 23, 2015","69.8350","71.2551","71.3167","69.6205","-1.90"
"Dec 24, 2015","70.2000","69.5205","70.8293","69.2273","0.52"
"Dec 25, 2015","70.6390","70.2310","70.8388","70.0060","0.63"
"Dec 28, 2015","72.2900","70.2750","72.4715","70.0475","2.34"
"Dec 29, 2015","72.2750","72.3400","72.8690","71.7322","-0.02"
"Dec 30, 2015","73.1995","72.2750","73.6613","72.2188","1.28"
"Dec 31, 2015","72.9495","73.2500","74.3950","72.7803","-0.34"
"Jan 01, 2016","72.8800","73.0000","73.0000","73.0000","-0.10"
"Jan 04, 2016","72.7200","73.3000","73.6600","72.6000","-0.22"
"Jan 05, 2016","73.3800","72.7245","73.5665","72.3523","0.91"
"Jan 06, 2016","74.5520","73.3500","75.1860","72.7495","1.60"
"Jan 07, 2016","75.0495","74.6050","76.1950","74.1885","0.67"
"Jan 08, 2016","74.5900","74.8250","75.1775","73.5595","-0.61"
"Jan 11, 2016","76.3700","75.0000","76.5288","74.8250","2.39"
"Jan 12, 2016","76.9050","76.3750","77.3013","75.8275","0.70"
"Jan 13, 2016","76.6000","76.8700","77.1900","75.7375","-0.40"
"Jan 14, 2016","76.2125","76.5950","77.3213","75.9540","-0.51"
"Jan 15, 2016","77.7450","76.1500","77.9813","76.1275","2.01"
"Jan 18, 2016","79.3775","77.6713","79.4573","77.6000","2.10"
"Jan 19, 2016","78.7850","79.3850","79.5725","78.0800","-0.75"
"Jan 20, 2016","81.3475","78.8150","82.4963","78.5002","3.25"
"Jan 21, 2016","82.3675","81.3805","85.9888","81.3050","1.25"
"Jan 22, 2016","78.1000","82.3750","82.8475","77.9300","-5.18"
"Jan 25, 2016","79.9404","78.2507","80.1813","76.7665","2.36"
"Jan 26, 2016","78.8250","80.1000","82.2937","77.6840","-1.40"
"Jan 27, 2016","78.0450","78.8750","79.4812","76.9310","-0.99"
"Jan 28, 2016","76.3280","78.0500","78.3512","75.4818","-2.20"
"Jan 29, 2016","75.4626","76.2500","76.6978","74.5760","-1.13"
"Feb 01, 2016","77.2232","75.5038","77.5036","75.2150","2.33"
"Feb 02, 2016","79.7922","77.3113","79.9833","77.0033","3.33"
"Feb 03, 2016","76.7955","79.7967","79.9598","76.6331","-3.76"
"Feb 04, 2016","76.6545","76.8000","77.3378","75.5428","-0.18"
"Feb 05, 2016","77.5078","76.6850","77.7822","76.3575","1.11"
"Feb 08, 2016","77.8262","77.5366","79.1209","76.3856","0.41"
"Feb 09, 2016","79.7543","77.8000","80.0022","77.7773","2.48"
"Feb 10, 2016","79.5430","79.6895","79.8936","77.6767","-0.26"
"Feb 11, 2016","80.1425","78.4485","80.6687","78.4229","0.75"
"Feb 12, 2016","78.3435","80.0750","80.0750","78.1011","-2.24"
"Feb 15, 2016","76.9548","78.6338","78.6338","76.8670","-1.77"
"Feb 16, 2016","77.8507","76.9716","78.1772","75.8983","1.16"
"Feb 17, 2016","75.0385","77.8805","78.3309","74.5889","-3.61"
"Feb 18, 2016","76.6445","75.0000","76.6750","74.7055","2.14"
"Feb 19, 2016","77.0150","76.7672","77.9422","76.0463","0.48"
"Feb 22, 2016","74.9570","77.0363","77.1750","74.9014","-2.67"
"Feb 23, 2016","76.2616","74.9875","76.4819","74.6482","1.74"
"Feb 24, 2016","75.7905","76.3500","77.6203","75.4835","-0.62"
"Feb 25, 2016","75.2855","75.8124","76.7413","75.0133","-0.67"
"Feb 26, 2016","76.1273","75.3250","76.4622","74.4736","1.12"
"Feb 29, 2016","75.2506","75.9166","76.4177","74.8297","-1.15"
"Mar 01, 2016","73.3840","75.2550","75.2628","73.1475","-2.48"
"Mar 02, 2016","73.3695","73.4040","74.2940","72.5772","-0.02"
"Mar 03, 2016","72.9683","73.4000","74.1965","72.8610","-0.55"
"Mar 04, 2016","71.9205","72.8000","73.4584","71.7305","-1.44"
"Mar 07, 2016","71.3520","72.1750","72.3033","71.1283","-0.79"
"Mar 08, 2016","73.0075","71.4977","73.1219","71.3731","2.32"
"Mar 09, 2016","71.0945","73.0250","73.3898","70.7230","-2.62"
"Mar 10, 2016","71.4585","71.0975","71.9765","69.9073","0.51"
"Mar 11, 2016","69.8642","71.3937","71.5841","69.4173","-2.23"
"Mar 14, 2016","69.9705","69.9694","70.9934","69.5555","0.15"
"Mar 15, 2016","70.8705","69.9425","71.4180","69.8284","1.29"
"Mar 16, 2016","69.2325","70.9488","71.2647","68.8285","-2.31"
"Mar 17, 2016","68.1520","69.1000","69.5040","67.9068","-1.56"
"Mar 18, 2016","68.4955","68.1228","68.7522","67.2613","0.50"
"Mar 21, 2016","67.8150","68.6744","69.1613","67.4808","-0.99"
"Mar 22, 2016","67.2545","67.8350","68.3205","67.1720","-0.83"
"Mar 23, 2016","68.6605","67.4810","68.9053","67.2850","2.09"
"Mar 24, 2016","68.9173","68.6650","69.7097","68.2290","0.37"
"Mar 25, 2016","68.3080","68.9253","69.0290","67.8170","-0.88"
"Mar 28, 2016","68.7260","68.5194","68.7565","67.5850","0.61"
"Mar 29, 2016","68.3095","68.7570","69.2653","67.8864","-0.61"
"Mar 30, 2016","68.2890","68.3400","68.5572","67.1405","-0.03"
"Mar 31, 2016","66.9688","68.2887","68.6250","66.7198","-1.93"
"Apr 01, 2016","67.6350","66.8362","68.3722","66.7142","0.99"
"Apr 04, 2016","68.5495","68.2437","68.9309","67.7347","1.35"
"Apr 05, 2016","68.5165","68.5800","69.5283","68.5095","-0.05"
"Apr 06, 2016","67.7318","68.5507","68.8738","67.5120","-1.15"
"Apr 07, 2016","68.1400","67.6650","68.4896","67.4575","0.60"
"Apr 08, 2016","67.1293","68.1705","68.3127","66.8873","-1.48"
"Apr 11, 2016","66.6455","67.1915","67.4097","66.4033","-0.72"
"Apr 12, 2016","65.6495","66.6500","67.0228","65.1570","-1.49"
"Apr 13, 2016","66.2155","65.6188","66.4300","65.2273","0.86"
"Apr 14, 2016","65.9662","66.2037","66.6647","65.7521","-0.38"
"Apr 15, 2016","66.4125","65.9705","66.6522","65.8423","0.68"
"Apr 18, 2016","66.1720","67.1803","68.8284","66.0135","-0.36"
"Apr 19, 2016","65.8445","66.1292","66.5390","65.3908","-0.49"
"Apr 20, 2016","65.1135","65.8586","66.9495","65.0760","-1.11"
"Apr 21, 2016","66.7881","65.1745","67.0172","64.6359","2.57"
"Apr 22, 2016","66.3705","66.8186","66.9056","65.5369","-0.63"
"Apr 25, 2016","66.5295","66.4826","66.8740","65.8611","0.24"
"Apr 26, 2016","65.2191","66.5600","66.8596","65.1460","-1.97"
"Apr 27, 2016","65.1945","65.0900","66.0102","64.9498","-0.04"
"Apr 28, 2016","64.7561","65.0850","65.4397","64.1677","-0.67"
"Apr 29, 2016","64.6905","64.7000","64.9257","63.9770","-0.10"
"May 02, 2016","65.1709","64.7000","65.3846","64.4542","0.74"
"May 03, 2016","66.4211","65.2100","66.8814","64.7039","1.92"
"May 04, 2016","66.6195","66.4516","66.8562","65.7098","0.30"
"May 05, 2016","65.8775","66.7950","66.8347","65.1808","-1.11"
"May 06, 2016","65.8495","65.8820","66.6373","65.5297","-0.04"
"May 09, 2016","66.5801","65.9000","66.7353","65.3129","1.11"
"May 10, 2016","66.1665","66.6000","66.7259","66.0292","-0.62"
"May 11, 2016","64.8730","66.1845","66.4034","64.8171","-1.95"
"May 12, 2016","64.7112","64.9775","65.6153","64.5274","-0.25"
"May 13, 2016","65.5255","64.7950","65.5897","64.6310","1.26"
"May 16, 2016","64.8902","65.5380","65.7158","64.5786","-0.97"
"May 17, 2016","64.7855","64.9500","65.0912","64.3548","-0.16"
"May 18, 2016","65.9830","64.7900","66.1851","64.6537","1.85"
"May 19, 2016","66.7195","65.9875","67.3915","65.9451","1.12"
"May 20, 2016","66.7320","66.7500","67.0000","66.2022","0.02"
"May 23, 2016","66.7880","66.5000","67.2575","66.4522","0.08"
"May 24, 2016","65.9725","66.8405","67.2122","65.9558","-1.22"
"May 25, 2016","65.4093","65.9770","66.3006","65.3200","-0.85"
"May 26, 2016","65.8609","65.4475","65.9872","64.9244","0.69"
"May 27, 2016","65.8155","65.8488","66.4437","65.6336","-0.07"
"May 30, 2016","65.7368","65.8079","66.3084","65.5766","-0.12"
"May 31, 2016","66.7558","65.7413","67.0260","65.6273","1.55"
"Jun 01, 2016","66.9217","66.7605","67.3509","66.3657","0.25"
"Jun 02, 2016","66.9243","66.9600","67.7746","66.6097","0.00"
"Jun 03, 2016","65.6105","66.9288","67.1888","65.5479","-1.96"
"Jun 06, 2016","65.2445","65.8000","66.0172","65.1129","-0.56"
"Jun 07, 2016","64.6455","65.2750","65.6514","64.4545","-0.92"
"Jun 08, 2016","63.6033","64.6500","64.8309","63.4733","-1.61"
"Jun 09, 2016","64.3080","63.6365","64.5525","63.3973","1.11"
"Jun 10, 2016","65.2370","64.3125","65.4240","64.0954","1.44"
"Jun 13, 2016","65.6005","65.1400","66.1396","65.1171","0.56"
"Jun 14, 2016","66.0560","65.6050","66.3359","65.4854","0.69"
"Jun 15, 2016","65.5130","66.0605","66.2312","65.0485","-0.82"
"Jun 16, 2016","65.7443","65.5175","66.1107","65.2760","0.35"
"Jun 17, 2016","64.7456","65.7475","65.8197","64.6873","-1.52"
"Jun 20, 2016","64.2016","64.8250","64.8648","63.7348","-0.84"
"Jun 21, 2016","63.8905","64.2523","64.4926","63.7535","-0.48"
"Jun 22, 2016","64.6223","63.8938","65.1872","63.4855","1.15"
"Jun 23, 2016","63.6881","64.6261","64.8488","63.6090","-1.45"
"Jun 24, 2016","64.7382","63.6838","67.2946","63.5662","1.65"
"Jun 27, 2016","65.2995","65.1206","66.0549","64.7415","0.87"
"Jun 28, 2016","63.9995","65.5150","66.3928","63.9010","-1.99"
"Jun 29, 2016","63.6693","64.2538","64.5222","63.5956","-0.52"
"Jun 30, 2016","63.7495","63.7187","64.4965","63.6038","0.13"
"Jul 01, 2016","63.7900","63.9197","64.2847","63.7104","0.06"
"Jul 04, 2016","63.8420","63.8000","64.1085","63.5060","0.08"
"Jul 05, 2016","64.3695","63.9308","64.6996","63.8250","0.83"
"Jul 06, 2016","64.4157","64.4399","64.8522","64.1402","0.07"
"Jul 07, 2016","64.4256","64.4663","64.8234","63.7100","0.02"
"Jul 08, 2016","63.8115","64.5998","64.6597","63.6973","-0.95"
"Jul 11, 2016","64.1863","63.8615","64.3284","63.8383","0.59"
"Jul 12, 2016","63.7300","64.1908","64.3288","63.6679","-0.71"
"Jul 13, 2016","63.9091","63.7800","64.1648","63.6473","0.28"
"Jul 14, 2016","62.8693","63.9250","64.0477","62.7053","-1.63"
"Jul 15, 2016","63.4562","62.8745","63.7053","62.7020","0.93"
"Jul 18, 2016","62.8195","63.6000","63.8032","62.7360","-1.00"
"Jul 19, 2016","63.4955","62.8469","63.7780","62.6838","1.08"
"Jul 20, 2016","63.7080","63.5079","63.9540","63.1348","0.33"
"Jul 21, 2016","64.2010","63.7528","64.4862","63.4995","0.77"
"Jul 22, 2016","64.7100","64.2386","65.0040","64.1567","0.79"
"Jul 25, 2016","65.3995","64.7984","65.5728","64.6615","1.07"
"Jul 26, 2016","65.9582","65.4415","66.5565","65.2205","0.85"
"Jul 27, 2016","65.8689","65.9228","66.4960","65.6647","-0.14"
"Jul 28, 2016","66.5962","65.9204","66.8309","65.7731","1.10"
"Jul 29, 2016","65.9755","66.6466","67.1867","65.8170","-0.93"
"Aug 01, 2016","66.9946","65.9280","67.0748","65.7298","1.54"
"Aug 02, 2016","66.6390","66.9846","67.1262","66.0048","-0.53"
"Aug 03, 2016","66.3730","66.6435","67.0373","66.1248","-0.40"
"Aug 04, 2016","65.8390","66.4230","66.6045","65.5781","-0.80"
"Aug 05, 2016","65.4478","65.7950","66.0397","64.9706","-0.59"
"Aug 08, 2016","64.6205","65.4689","65.7840","64.4056","-1.26"
"Aug 09, 2016","64.7450","64.6250","65.1320","64.4742","0.19"
"Aug 10, 2016","64.8495","64.8050","64.9615","64.1521","0.16"
"Aug 11, 2016","64.3045","64.9252","65.1952","64.1185","-0.84"
"Aug 12, 2016","64.7505","64.3150","65.0221","64.0832","0.69"
"Aug 15, 2016","64.0380","64.7576","64.7972","63.8904","-1.10"
"Aug 16, 2016","63.8145","64.0421","64.2974","63.5439","-0.35"
"Aug 17, 2016","63.8655","63.8453","64.3734","63.7683","0.08"
"Aug 18, 2016","63.5945","63.8700","64.2388","63.3773","-0.42"
"Aug 19, 2016","63.8955","63.6250","64.1372","63.5485","0.47"
"Aug 22, 2016","64.7845","63.8975","64.8634","63.8748","1.39"
"Aug 23, 2016","64.6545","64.8112","64.9978","64.2778","-0.20"
"Aug 24, 2016","65.2071","64.6140","65.3447","64.3212","0.85"
"Aug 25, 2016","64.7251","65.2287","65.2913","64.5698","-0.74"
"Aug 26, 2016","64.7018","64.7296","65.0122","64.2253","-0.04"
"Aug 29, 2016","64.7718","64.6900","65.1947","64.6250","0.11"
"Aug 30, 2016","65.3545","64.7343","65.4109","64.4849","0.90"
"Aug 31, 2016","65.3545","65.3850","65.4753","65.1121","0.00"
"Sep 01, 2016","66.0003","65.3959","66.0765","65.1482","0.99"
"Sep 02, 2016","65.1300","66.0250","66.0778","64.9798","-1.32"
"Sep 05, 2016","64.9397","65.1713","65.3454","64.5105","-0.29"
"Sep 06, 2016","64.3795","64.9385","65.1619","64.3921","-0.86"
"Sep 07, 2016","64.1410","64.5403","64.6405","64.1035","-0.37"
"Sep 08, 2016","64.0295","64.2020","64.3928","63.5609","-0.17"
"Sep 09, 2016","64.7082","64.0254","64.8814","63.8640","1.06"
"Sep 12, 2016","64.5079","64.8310","65.3134","64.4162","-0.31"
"Sep 13, 2016","65.4154","64.6036","65.5180","64.5086","1.41"
"Sep 14, 2016","65.1665","65.3138","65.6728","64.7871","-0.38"
"Sep 15, 2016","64.7050","65.1951","65.4368","64.5320","-0.71"
"Sep 16, 2016","65.1430","64.7560","65.3205","64.6325","0.68"
"Sep 19, 2016","64.5968","65.1750","65.2392","64.3707","-0.84"
"Sep 20, 2016","64.6616","64.6013","65.0264","64.4769","0.10"
"Sep 21, 2016","63.8940","64.7337","64.9551","63.7548","-1.19"
"Sep 22, 2016","63.6673","63.9700","64.1074","63.4938","-0.35"
"Sep 23, 2016","63.9745","63.6400","64.1466","63.3690","0.48"
"Sep 26, 2016","63.8705","64.0797","64.3003","63.5719","-0.16"
"Sep 27, 2016","63.6305","63.8800","64.1148","63.5673","-0.38"
"Sep 28, 2016","63.0410","63.7089","64.3066","62.9951","-0.93"
"Sep 29, 2016","62.9220","63.0290","63.4267","62.8775","-0.19"
"Sep 30, 2016","62.8705","62.9550","63.5279","62.6140","-0.08"
"Oct 03, 2016","62.3218","62.8790","63.0785","62.1428","-0.87"
"Oct 04, 2016","62.7770","62.3373","62.8853","62.2225","0.73"
"Oct 05, 2016","62.3305","62.6605","62.8219","62.2578","-0.71"
"Oct 06, 2016","62.0945","62.3350","62.5144","62.0108","-0.38"
"Oct 07, 2016","62.2255","62.1100","62.5425","61.9398","0.21"
"Oct 10, 2016","61.8052","62.2000","62.5367","61.8100","-0.68"
"Oct 11, 2016","62.6549","61.9000","62.9221","61.8278","1.37"
"Oct 12, 2016","63.0900","62.6884","63.2029","62.3991","0.69"
"Oct 13, 2016","62.9675","63.1500","63.5458","62.8722","-0.19"
"Oct 14, 2016","62.8500","63.0300","63.2464","62.7659","-0.19"
"Oct 17, 2016","63.1280","62.9730","63.2328","62.7338","0.44"
"Oct 18, 2016","62.4652","63.1003","63.1690","62.4949","-1.05"
"Oct 19, 2016","62.1800","62.5675","62.9909","62.1847","-0.46"
"Oct 20, 2016","62.3600","62.2525","62.5547","62.0580","0.29"
"Oct 21, 2016","62.3775","62.4300","62.6081","62.2222","0.03"
"Oct 24, 2016","62.1461","62.3730","62.6254","62.1189","-0.37"
"Oct 25, 2016","62.0830","62.1450","62.3340","61.9292","-0.10"
"Oct 26, 2016","62.8655","62.2050","63.0193","61.9690","1.26"
"Oct 27, 2016","62.6625","62.8700","63.2625","62.5613","-0.32"
"Oct 28, 2016","62.9205","62.6858","63.1681","62.6247","0.41"
"Oct 31, 2016","63.3155","62.9750","63.4627","62.8823","0.63"
"Nov 01, 2016","63.3118","63.3843","63.4486","62.8998","-0.01"
"Nov 02, 2016","63.4750","63.2841","63.8687","63.0650","0.26"
"Nov 03, 2016","63.5565","63.3288","63.8417","63.2724","0.13"
"Nov 04, 2016","64.4523","63.5831","64.6650","63.4974","1.41"
"Nov 07, 2016","63.6020","64.3260","64.6700","63.5321","-1.32"
"Nov 08, 2016","63.8470","63.7250","64.0526","63.5977","0.39"
"Nov 09, 2016","63.8635","63.8800","64.8025","63.2063","0.03"
"Nov 10, 2016","65.6855","63.8117","66.0444","63.2665","2.85"
"Nov 11, 2016","65.6368","65.4620","66.3663","64.4484","-0.07"
"Nov 14, 2016","65.9800","65.9088","66.5002","65.3375","0.52"
"Nov 15, 2016","64.1700","65.9955","66.2568","64.1100","-2.74"
"Nov 16, 2016","64.7425","64.4902","65.5830","63.9673","0.89"
"Nov 17, 2016","64.8845","64.7375","65.1147","64.2830","0.22"
"Nov 18, 2016","64.6473","64.8920","65.3250","64.4734","-0.37"
"Nov 21, 2016","63.9745","64.8750","64.9173","63.8398","-1.04"
"Nov 22, 2016","63.6720","63.9763","64.1736","63.4598","-0.47"
"Nov 23, 2016","64.3606","63.7019","64.9512","63.6130","1.08"
"Nov 24, 2016","64.4420","64.2651","64.8144","64.2225","0.13"
"Nov 25, 2016","64.8650","64.4690","65.0057","64.2957","0.66"
"Nov 28, 2016","64.7107","64.5000","65.2678","64.2325","-0.24"
"Nov 29, 2016","65.0599","64.7862","65.5163","64.6273","0.54"
"Nov 30, 2016","64.0770","65.1052","65.3928","63.9663","-1.51"
"Dec 01, 2016","63.9595","64.1069","64.3328","63.4920","-0.18"
"Dec 02, 2016","63.9228","63.9825","64.3768","63.7289","-0.06"
"Dec 05, 2016","63.8020","63.9250","64.3575","63.5025","-0.19"
"Dec 06, 2016","63.8086","63.8175","63.9951","63.6500","0.01"
"Dec 07, 2016","63.1993","63.8480","64.0147","63.1203","-0.95"
"Dec 08, 2016","63.3045","63.2272","63.5459","63.1717","0.17"
"Dec 09, 2016","62.4651","63.3200","63.5190","62.1895","-1.33"
"Dec 12, 2016","60.9670","62.4680","62.4962","60.7257","-2.40"
"Dec 13, 2016","60.6295","60.9181","61.3285","60.4535","-0.55"
"Dec 14, 2016","62.1220","60.6815","62.3684","60.5666","2.46"
"Dec 15, 2016","61.7000","62.1400","62.2253","61.3257","-0.68"
"Dec 16, 2016","62.0429","61.7500","62.5119","61.4369","0.56"
"Dec 19, 2016","61.8475","62.0750","62.1479","61.6473","-0.31"
"Dec 20, 2016","61.4184","61.9057","62.1075","61.3025","-0.69"
"Dec 21, 2016","61.1358","61.4490","61.5374","60.8613","-0.46"
"Dec 22, 2016","60.9310","61.2164","61.2989","60.6751","-0.33"
"Dec 23, 2016","60.9931","60.9780","61.3797","60.7650","0.10"
"Dec 26, 2016","60.9010","61.0535","61.2675","60.7418","-0.15"
"Dec 27, 2016","60.5757","60.9770","61.1973","60.5660","-0.53"
"Dec 28, 2016","60.4625","60.6550","60.7748","60.0981","-0.19"
"Dec 29, 2016","60.3311","60.3375","60.8051","60.1060","-0.22"
"Dec 30, 2016","61.2630","60.3641","61.6628","60.2916","1.54"
"Jan 02, 2017","61.1771","61.2748","61.4395","61.1622","-0.14"
"Jan 03, 2017","60.9330","61.2526","61.3038","60.3298","-0.40"
"Jan 04, 2017","60.2745","60.9250","61.2196","60.2210","-1.08"
"Jan 05, 2017","59.3410","60.3500","60.4865","59.1523","-1.55"
"Jan 06, 2017","59.5580","59.3470","59.7878","59.0875","0.37"
"Jan 09, 2017","60.1066","59.6069","60.1877","59.4049","0.92"
"Jan 10, 2017","60.0720","60.1340","60.3063","59.8073","-0.06"
"Jan 11, 2017","59.6865","60.1263","60.6950","59.4538","-0.64"
"Jan 12, 2017","59.3180","59.8188","59.9448","59.0869","-0.62"
"Jan 13, 2017","59.6045","59.4350","59.8732","59.2538","0.48"
"Jan 16, 2017","59.8571","59.6760","59.9630","59.3585","0.42"
"Jan 17, 2017","59.3325","59.8508","59.9986","58.9583","-0.88"
"Jan 18, 2017","59.4696","59.4238","59.6133","59.0360","0.23"
"Jan 19, 2017","59.8615","59.5115","60.2680","59.1873","0.66"
"Jan 20, 2017","59.6611","59.8663","59.9666","59.5448","-0.33"
"Jan 23, 2017","59.4957","59.7500","59.8130","59.2950","-0.28"
"Jan 24, 2017","59.2324","59.5505","59.5938","59.0647","-0.44"
"Jan 25, 2017","59.4995","59.2500","59.6847","59.0493","0.45"
"Jan 26, 2017","60.3718","59.5500","60.6328","59.3103","1.47"
"Jan 27, 2017","59.7759","60.3763","60.5759","59.5463","-0.99"
"Jan 30, 2017","59.8581","59.8772","60.2955","59.6630","0.14"
"Jan 31, 2017","60.0970","59.9113","60.2585","59.7128","0.40"
"Feb 01, 2017","60.0545","60.1825","60.4310","60.0382","-0.07"
"Feb 02, 2017","59.3246","60.1513","60.1922","58.5525","-1.22"
"Feb 03, 2017","59.0153","59.4150","59.6305","58.7315","-0.52"
"Feb 06, 2017","58.9075","59.0027","59.1365","58.5750","-0.18"
"Feb 07, 2017","59.4170","58.9300","59.5228","58.8580","0.86"
"Feb 08, 2017","59.1848","59.4950","59.6340","59.0668","-0.39"
"Feb 09, 2017","58.9383","59.2352","59.3121","58.6839","-0.42"
"Feb 10, 2017","58.2602","58.9538","59.0903","58.1851","-1.15"
"Feb 13, 2017","57.9692","58.2775","58.5270","57.8380","-0.50"
"Feb 14, 2017","57.0495","57.9737","58.2188","56.8328","-1.59"
"Feb 15, 2017","57.1668","57.0815","57.9132","56.5498","0.21"
"Feb 16, 2017","57.5196","57.1378","57.7075","56.9836","0.62"
"Feb 17, 2017","58.4315","57.6154","58.5920","57.4450","1.59"
"Feb 20, 2017","57.9148","58.3505","58.4435","57.8707","-0.88"
"Feb 21, 2017","57.3761","57.9786","58.0660","57.3685","-0.93"
"Feb 22, 2017","58.0045","57.4622","58.1625","57.2895","1.10"
"Feb 23, 2017","57.7595","58.0200","58.1353","57.5500","-0.42"
"Feb 24, 2017","58.4719","57.7750","58.5953","57.6872","1.23"
"Feb 27, 2017","58.1075","58.5410","58.5498","57.5798","-0.62"
"Feb 28, 2017","58.2986","58.1195","58.5220","57.8065","0.33"
"Mar 01, 2017","58.2747","58.3934","58.6000","57.9716","-0.04"
"Mar 02, 2017","58.7570","58.2350","58.8878","58.1448","0.83"
"Mar 03, 2017","58.2359","58.7563","59.0150","58.1300","-0.89"
"Mar 06, 2017","58.2171","58.2087","58.4448","57.9238","-0.03"
"Mar 07, 2017","58.1595","58.2900","58.3840","57.8750","-0.10"
"Mar 08, 2017","58.8747","58.1750","58.9911","58.0609","1.23"
"Mar 09, 2017","59.1952","58.9613","59.5000","58.6895","0.54"
"Mar 10, 2017","58.8568","59.2725","59.3613","58.7073","-0.57"
"Mar 13, 2017","58.7567","58.9378","59.3218","58.7535","-0.17"
"Mar 14, 2017","59.2058","58.7918","59.6265","58.7703","0.76"
"Mar 15, 2017","58.3870","59.2213","59.3148","58.3548","-1.38"
"Mar 16, 2017","57.8195","58.4234","58.5775","57.6095","-0.97"
"Mar 17, 2017","57.1101","57.7920","58.0600","57.1370","-1.23"
"Mar 20, 2017","57.3705","57.3375","57.6475","57.1683","0.46"
"Mar 21, 2017","57.6845","57.3750","57.7529","56.9988","0.55"
"Mar 22, 2017","57.7665","57.7300","58.2400","57.5435","0.14"
"Mar 23, 2017","57.4268","57.7783","57.8161","57.3300","-0.59"
"Mar 24, 2017","56.9443","57.4214","57.5318","56.8783","-0.84"
"Mar 27, 2017","56.8754","56.9440","57.2220","56.7292","-0.12"
"Mar 28, 2017","56.9926","56.9323","57.1900","56.7374","0.21"
"Mar 29, 2017","56.5670","57.0425","57.1575","56.5751","-0.75"
"Mar 30, 2017","56.0750","56.6060","56.7835","55.9063","-0.87"
"Mar 31, 2017","56.2355","56.1105","56.5403","55.8545","0.29"
"Apr 03, 2017","56.0679","56.2216","56.4700","55.9338","-0.30"
"Apr 04, 2017","56.0767","56.1258","56.7100","56.0358","0.02"
"Apr 05, 2017","56.3110","56.0700","56.4108","55.7980","0.42"
"Apr 06, 2017","56.3723","56.3544","56.5928","56.1725","0.11"
"Apr 07, 2017","57.2386","56.3878","57.2795","56.3262","1.54"
"Apr 10, 2017","57.2203","57.3446","57.5965","57.0775","-0.03"
"Apr 11, 2017","56.8998","57.2150","57.3050","56.7950","-0.56"
"Apr 12, 2017","56.6055","56.9043","57.1556","56.5333","-0.52"
"Apr 13, 2017","56.2520","56.6553","56.7680","56.1574","-0.62"
"Apr 14, 2017","56.3300","56.2850","56.4130","56.0750","0.14"
"Apr 17, 2017","55.8591","56.3223","56.3887","55.8735","-0.84"
"Apr 18, 2017","56.2439","55.9028","56.2610","55.8306","0.69"
"Apr 19, 2017","56.5086","56.2594","56.7483","56.0010","0.47"
"Apr 20, 2017","56.1577","56.5536","56.6618","56.0923","-0.62"
"Apr 21, 2017","56.4410","56.1886","56.6144","56.0223","0.50"
"Apr 24, 2017","55.7470","56.0542","56.2103","55.7123","-1.23"
"Apr 25, 2017","56.1318","55.7625","56.2500","55.6660","0.69"
"Apr 26, 2017","57.1095","56.1363","57.1727","56.0423","1.74"
"Apr 27, 2017","57.0038","57.1250","57.2828","56.7049","-0.19"
"Apr 28, 2017","56.9167","57.0193","57.1968","56.6191","-0.15"
"May 01, 2017","56.9596","56.9601","57.0428","56.8118","0.08"
"May 02, 2017","57.0095","56.9898","57.1654","56.8500","0.09"
"May 03, 2017","57.3641","57.0350","57.4151","56.8196","0.62"
"May 04, 2017","58.3780","57.3793","58.4666","57.2733","1.77"
"May 05, 2017","57.9096","58.3825","58.9515","57.9155","-0.80"
"May 08, 2017","58.3086","57.9368","58.4210","57.9106","0.69"
"May 09, 2017","58.3895","58.3130","58.5603","58.1173","0.14"
"May 10, 2017","57.4259","58.4025","58.4330","57.4098","-1.65"
"May 11, 2017","57.0540","57.4595","57.5499","56.9193","-0.65"
"May 12, 2017","57.0430","57.0678","57.3533","56.9668","-0.02"
"May 15, 2017","56.3286","57.1180","57.1312","56.2138","-1.25"
"May 16, 2017","56.6003","56.3675","56.6507","56.1790","0.48"
"May 17, 2017","57.0704","56.6067","57.1677","56.4680","0.83"
"May 18, 2017","57.5175","57.1054","58.1303","57.0652","0.78"
"May 19, 2017","56.9575","57.5603","57.5970","56.6543","-0.97"
"May 22, 2017","56.6305","56.7197","56.9200","56.4065","-0.57"
"May 23, 2017","56.3375","56.6505","56.7416","56.2198","-0.52"
"May 24, 2017","56.4634","56.3860","56.5812","56.2072","0.22"
"May 25, 2017","56.8735","56.5162","57.0215","55.9915","0.73"
"May 26, 2017","56.5120","56.9170","57.0328","56.4826","-0.64"
"May 29, 2017","56.4626","56.8254","56.8819","56.2863","-0.09"
"May 30, 2017","56.5579","56.4883","56.7936","56.3455","0.17"
"May 31, 2017","56.6020","56.5734","56.9511","56.4897","0.08"
"Jun 01, 2017","56.4043","56.6006","56.7594","56.1138","-0.35"
"Jun 02, 2017","56.6385","56.4198","56.8561","56.3208","0.42"
"Jun 05, 2017","56.5901","56.6943","56.7570","56.4183","-0.09"
"Jun 06, 2017","56.5456","56.6185","56.7727","56.4138","-0.08"
"Jun 07, 2017","57.0345","56.5193","57.1745","56.4317","0.86"
"Jun 08, 2017","56.8845","57.0758","57.1475","56.8048","-0.26"
"Jun 09, 2017","57.0166","56.9129","57.0560","56.8550","0.23"
"Jun 12, 2017","57.0662","56.9945","57.1753","56.9303","0.09"
"Jun 13, 2017","57.0013","57.0415","57.0988","56.8150","-0.11"
"Jun 14, 2017","57.3759","57.0051","57.5739","56.8275","0.66"
"Jun 15, 2017","57.8455","57.3797","57.9021","57.1969","0.82"
"Jun 16, 2017","57.7404","57.8505","57.8995","57.4250","-0.18"
"Jun 19, 2017","58.4596","57.5526","58.4815","57.5327","1.25"
"Jun 20, 2017","59.6193","58.4705","59.7802","58.2303","1.98"
"Jun 21, 2017","60.2775","59.6035","60.4244","59.3310","1.10"
"Jun 22, 2017","59.9546","60.2918","60.4047","59.6469","-0.54"
"Jun 23, 2017","59.4330","59.9855","60.0858","59.3356","-0.87"
"Jun 26, 2017","58.7856","59.4517","59.4678","58.7338","-1.09"
"Jun 27, 2017","59.3980","58.8163","59.5074","58.6238","1.04"
"Jun 28, 2017","59.2189","59.4217","59.8830","59.1523","-0.30"
"Jun 29, 2017","59.3950","59.2495","59.5915","58.9066","0.30"
"Jun 30, 2017","58.9206","59.4194","59.5526","58.8630","-0.80"
"Jul 03, 2017","59.2294","58.8900","59.4830","58.7895","0.52"
"Jul 04, 2017","59.4051","59.2339","59.4747","59.1335","0.30"
"Jul 05, 2017","59.9667","59.4375","60.2556","59.2621","0.95"
"Jul 06, 2017","60.0900","59.9940","60.4300","59.7588","0.21"
"Jul 07, 2017","60.3552","60.1428","60.6260","60.0746","0.44"
"Jul 10, 2017","60.1898","60.4065","60.5413","60.1654","-0.27"
"Jul 11, 2017","60.7390","60.2477","61.0100","60.1910","0.91"
"Jul 12, 2017","59.9160","60.7700","60.8356","59.8968","-1.35"
"Jul 13, 2017","59.7611","59.9570","60.2878","59.6590","-0.26"
"Jul 14, 2017","59.0365","59.7900","59.9694","59.0271","-1.21"
"Jul 17, 2017","59.3250","59.1175","59.4151","58.9551","0.49"
"Jul 18, 2017","59.1573","59.3425","59.4703","58.8862","-0.28"
"Jul 19, 2017","58.9823","59.1618","59.3943","58.9218","-0.30"
"Jul 20, 2017","58.8905","58.9887","59.2365","58.7868","-0.16"
"Jul 21, 2017","59.3095","58.9275","59.3965","58.7613","0.71"
"Jul 24, 2017","59.9803","59.3272","60.2095","59.3085","1.13"
"Jul 25, 2017","59.8470","60.0250","60.1928","59.7025","-0.22"
"Jul 26, 2017","59.3695","59.8900","60.0623","59.3542","-0.80"
"Jul 27, 2017","59.4853","59.4213","59.6629","59.3121","0.20"
"Jul 28, 2017","59.5300","59.5800","59.6554","59.3578","0.08"
"Jul 31, 2017","59.7680","59.5587","60.3500","59.5150","0.40"
"Aug 01, 2017","60.3518","59.7500","60.3934","59.7100","0.98"
"Aug 02, 2017","60.5550","60.3425","60.8475","60.2462","0.34"
"Aug 03, 2017","60.3190","60.5700","60.8537","60.0838","-0.39"
"Aug 04, 2017","59.9118","60.3500","60.5108","59.8375","-0.68"
"Aug 07, 2017","60.0161","59.9450","60.3338","59.8478","0.17"
"Aug 08, 2017","59.8595","60.0345","60.1550","59.6952","-0.26"
"Aug 09, 2017","60.0860","59.8840","60.2240","59.8145","0.38"
"Aug 10, 2017","60.1095","60.1013","60.1553","59.7149","0.04"
"Aug 11, 2017","59.8150","60.1425","60.3122","59.7955","-0.49"
"Aug 14, 2017","59.9133","59.8705","59.9543","59.5535","0.16"
"Aug 15, 2017","59.6958","59.9288","60.1223","59.6800","-0.36"
"Aug 16, 2017","59.3800","59.6930","59.8499","59.2666","-0.53"
"Aug 17, 2017","59.2091","59.3963","59.4888","58.9893","-0.29"
"Aug 18, 2017","58.8990","59.2230","59.5138","58.9220","-0.52"
"Aug 21, 2017","59.1295","58.9575","59.2250","58.9208","0.39"
"Aug 22, 2017","59.0585","59.1543","59.2091","58.9160","-0.12"
"Aug 23, 2017","59.0445","59.0745","59.2520","58.9920","-0.02"
"Aug 24, 2017","59.1200","59.0615","59.2839","59.0154","0.13"
"Aug 25, 2017","58.5666","59.1625","59.2406","58.5452","-0.94"
"Aug 28, 2017","58.4320","58.5454","58.7649","58.3232","-0.23"
"Aug 29, 2017","58.8080","58.4475","58.9000","58.4098","0.64"
"Aug 30, 2017","58.5215","58.8365","58.9178","58.3215","-0.49"
"Aug 31, 2017","57.9940","58.5250","58.6715","57.9863","-0.90"
"Sep 01, 2017","57.4450","58.0410","58.2045","57.3623","-0.95"
"Sep 04, 2017","57.7885","57.6430","57.9650","57.6019","0.60"
"Sep 05, 2017","57.5105","57.8198","58.1178","57.2195","-0.48"
"Sep 06, 2017","57.3719","57.5223","57.6206","57.2474","-0.24"
"Sep 07, 2017","56.8750","57.4093","57.4945","56.7724","-0.87"
"Sep 08, 2017","57.3429","56.8913","57.4900","56.7821","0.82"
"Sep 11, 2017","57.1881","57.3692","57.4157","57.0288","-0.27"
"Sep 12, 2017","57.6320","57.2192","57.7702","57.1283","0.78"
"Sep 13, 2017","57.9460","57.6675","57.9954","57.5426","0.54"
"Sep 14, 2017","57.4911","57.9393","58.0007","57.3821","-0.79"
"Sep 15, 2017","57.6205","57.5052","57.7828","57.3750","0.23"
"Sep 18, 2017","58.0830","57.6073","58.1638","57.4938","0.80"
"Sep 19, 2017","58.0740","58.0980","58.3928","57.9030","-0.02"
"Sep 20, 2017","58.2470","58.0963","58.3006","57.7113","0.30"
"Sep 21, 2017","57.9110","58.2315","58.4184","57.7540","-0.58"
"Sep 22, 2017","57.4805","57.9660","57.9828","57.4328","-0.74"
"Sep 25, 2017","57.4797","57.5845","57.7545","57.2363","-0.00"
"Sep 26, 2017","57.8450","57.5248","58.1583","57.3191","0.64"
"Sep 27, 2017","58.1850","57.8600","58.3875","57.7944","0.59"
"Sep 28, 2017","57.9065","58.2025","58.5890","57.8980","-0.48"
"Sep 29, 2017","57.5070","57.9175","58.1042","57.4698","-0.69"
"Oct 02, 2017","57.8720","57.5750","57.9942","57.5418","0.63"
"Oct 03, 2017","57.9141","57.8765","58.1715","57.8203","0.07"
"Oct 04, 2017","57.6560","57.9310","57.9939","57.5213","-0.45"
"Oct 05, 2017","57.7161","57.6800","57.7633","57.3785","0.10"
"Oct 06, 2017","58.1555","57.7291","58.2703","57.6696","0.76"
"Oct 09, 2017","58.2440","58.1057","58.5133","58.1001","0.15"
"Oct 10, 2017","57.9400","58.2795","58.3502","57.8043","-0.52"
"Oct 11, 2017","57.7753","57.9550","58.0728","57.7645","-0.28"
"Oct 12, 2017","57.7500","57.8135","57.8650","57.6138","-0.04"
"Oct 13, 2017","57.1705","57.7650","57.8010","57.0498","-1.00"
"Oct 16, 2017","57.2717","57.2546","57.3963","56.9888","0.18"
"Oct 17, 2017","57.3335","57.2560","57.5515","57.1942","0.11"
"Oct 18, 2017","57.4460","57.3400","57.5110","57.1626","0.20"
"Oct 19, 2017","57.2571","57.4556","57.7378","57.2463","-0.33"
"Oct 20, 2017","57.4780","57.2753","57.6443","57.2433","0.39"
"Oct 23, 2017","57.4770","57.5420","57.6089","57.3740","-0.00"
"Oct 24, 2017","57.6291","57.4920","57.7120","57.3713","0.26"
"Oct 25, 2017","57.7557","57.6500","57.8225","57.5025","0.22"
"Oct 26, 2017","57.8371","57.7560","57.8975","57.4725","0.14"
"Oct 27, 2017","58.0530","57.8465","58.7753","57.7560","0.37"
"Oct 30, 2017","57.9705","58.1166","58.1526","57.6525","-0.14"
"Oct 31, 2017","58.3120","57.9792","58.6125","57.8836","0.59"
"Nov 01, 2017","58.2595","58.3420","58.4138","58.0225","-0.09"
"Nov 02, 2017","58.1820","58.2500","58.4510","57.9799","-0.13"
"Nov 03, 2017","59.0505","58.2120","59.2860","58.1323","1.49"
"Nov 06, 2017","58.2490","59.0550","59.1860","58.2374","-1.36"
"Nov 07, 2017","59.3308","58.2790","59.4620","58.2198","1.86"
"Nov 08, 2017","59.2135","59.3676","59.5888","59.0700","-0.20"
"Nov 09, 2017","59.2595","59.2429","59.4378","59.1048","0.08"
"Nov 10, 2017","59.1825","59.2750","59.3923","58.9673","-0.13"
"Nov 13, 2017","59.3615","59.1870","59.6049","59.0700","0.30"
"Nov 14, 2017","60.4410","59.3973","60.4915","59.2877","1.82"
"Nov 15, 2017","60.2220","60.4620","60.5191","60.0205","-0.36"
"Nov 16, 2017","59.6730","60.2370","60.2483","59.5713","-0.91"
"Nov 17, 2017","59.0815","59.6810","59.7660","58.9985","-0.99"
"Nov 20, 2017","59.3850","59.1630","59.5879","59.0975","0.51"
"Nov 21, 2017","59.1054","59.4237","59.5495","59.0890","-0.47"
"Nov 22, 2017","58.4108","59.1578","59.1943","58.3734","-1.18"
"Nov 23, 2017","58.4030","58.4176","58.5510","58.3168","-0.01"
"Nov 24, 2017","58.3672","58.4490","58.7630","58.2425","-0.06"
"Nov 27, 2017","58.4905","58.4120","58.5215","58.0398","0.21"
"Nov 28, 2017","58.3797","58.4945","58.5853","58.2090","-0.19"
"Nov 29, 2017","58.5899","58.4215","58.7931","58.2413","0.36"
"Nov 30, 2017","58.4446","58.6549","58.7475","58.3535","-0.25"
"Dec 01, 2017","58.8685","58.4756","59.1700","58.4475","0.73"
"Dec 04, 2017","58.7980","58.8999","59.1248","58.6313","-0.12"
"Dec 05, 2017","58.7081","58.8204","58.8677","58.5913","-0.15"
"Dec 06, 2017","59.1695","58.7540","59.2611","58.6888","0.79"
"Dec 07, 2017","59.1717","59.2022","59.3953","59.0735","0.00"
"Dec 08, 2017","59.0877","59.1740","59.3938","59.0413","-0.14"
"Dec 11, 2017","58.9145","59.1150","59.3315","58.8773","-0.29"
"Dec 12, 2017","59.2040","58.9229","59.3100","58.7763","0.49"
"Dec 13, 2017","58.5252","59.2688","59.2988","58.5340","-1.15"
"Dec 14, 2017","58.8406","58.5702","58.9249","58.5269","0.54"
"Dec 15, 2017","58.8393","58.8666","59.0490","58.7160","-0.00"
"Dec 18, 2017","58.6369","58.8621","58.8890","58.5592","-0.34"
"Dec 19, 2017","58.6645","58.7144","58.8688","58.5375","0.05"
"Dec 20, 2017","58.7058","58.7712","58.8398","58.5895","0.07"
"Dec 21, 2017","58.4129","58.7356","58.7762","58.4111","-0.50"
"Dec 22, 2017","58.3133","58.4401","58.6562","58.1868","-0.17"
"Dec 25, 2017","57.9810","58.3210","58.4100","57.7925","-0.57"
"Dec 26, 2017","57.6620","58.0015","58.3051","57.5427","-0.55"
"Dec 27, 2017","57.6971","57.6480","57.9393","57.3765","0.06"
"Dec 28, 2017","57.5003","57.7590","57.8018","57.3863","-0.34"
"Dec 29, 2017","57.6575","57.5338","57.9303","57.4688","0.27"
"Jan 01, 2018","57.6575","57.6620","57.6620","57.6620","0.00"
"Jan 02, 2018","57.5164","57.6620","57.6620","57.2168","-0.24"
"Jan 03, 2018","57.1214","57.5264","57.6395","57.1075","-0.69"
"Jan 04, 2018","56.9406","57.1500","57.2978","56.7875","-0.32"
"Jan 05, 2018","56.9376","56.9678","57.1433","56.8950","-0.01"
"Jan 08, 2018","57.0930","57.0000","57.1928","56.9236","0.27"
"Jan 09, 2018","56.8750","57.1750","57.1978","56.8148","-0.38"
"Jan 10, 2018","57.0425","56.8720","57.1053","56.7606","0.29"
"Jan 11, 2018","56.4266","57.0525","57.0987","56.3961","-1.08"
"Jan 12, 2018","56.6362","56.4706","56.7553","56.4389","0.37"
"Jan 15, 2018","56.3162","56.6190","56.7355","56.2113","-0.57"
"Jan 16, 2018","56.4917","56.3262","56.6037","56.2609","0.31"
"Jan 17, 2018","56.8148","56.5475","56.9620","56.4029","0.57"
"Jan 18, 2018","56.4871","56.8596","56.9336","56.4015","-0.58"
"Jan 19, 2018","56.6794","56.5236","56.7449","56.4540","0.34"
"Jan 22, 2018","56.4756","56.6580","56.7426","56.4395","-0.36"
"Jan 23, 2018","56.3480","56.4856","56.5963","56.3126","-0.23"
"Jan 24, 2018","56.1530","56.3717","56.4788","56.1063","-0.35"
"Jan 25, 2018","55.9336","56.1630","56.2911","55.5780","-0.39"
"Jan 26, 2018","56.2166","55.8661","56.2853","55.7279","0.51"
"Jan 29, 2018","56.3111","56.2400","56.5250","56.1555","0.17"
"Jan 30, 2018","56.3670","56.3174","56.4465","55.8767","0.10"
"Jan 31, 2018","56.1872","56.3783","56.4831","56.0651","-0.32"
"Feb 01, 2018","55.9814","56.1674","56.4353","55.8733","-0.37"
"Feb 02, 2018","56.5231","55.9914","56.5743","55.9201","0.97"
"Feb 05, 2018","57.2819","56.5499","57.3868","56.4855","1.34"
"Feb 06, 2018","56.8028","57.3315","57.6474","56.8168","-0.84"
"Feb 07, 2018","57.8934","56.8559","57.9991","56.7448","1.92"
"Feb 08, 2018","58.3960","57.8910","58.4786","57.5152","0.87"
"Feb 09, 2018","58.3307","58.4073","58.7795","57.9063","-0.11"
"Feb 12, 2018","57.7434","58.3716","58.4338","57.6544","-1.01"
"Feb 13, 2018","57.6533","57.7869","57.9703","57.5981","-0.16"
"Feb 14, 2018","56.6864","57.6281","57.8010","56.6878","-1.68"
"Feb 15, 2018","56.3864","56.7256","56.8862","56.3347","-0.53"
"Feb 16, 2018","56.3999","56.4023","56.5129","56.1635","0.02"
"Feb 19, 2018","56.4522","56.4153","56.5543","56.2244","0.09"
"Feb 20, 2018","56.5140","56.4872","56.7751","56.3398","0.11"
"Feb 21, 2018","56.7300","56.5490","56.8588","56.4428","0.38"
"Feb 22, 2018","56.4234","56.7563","56.8744","56.4334","-0.54"
"Feb 23, 2018","56.2662","56.4334","56.6053","56.2571","-0.28"
"Feb 26, 2018","55.5930","56.0930","56.1972","55.5961","-1.20"
"Feb 27, 2018","56.2475","55.6350","56.3595","55.5450","1.18"
"Feb 28, 2018","56.3404","56.2940","56.4715","56.0353","0.17"
"Mar 01, 2018","56.8138","56.3500","57.0605","56.3238","0.84"
"Mar 02, 2018","56.8050","56.8238","57.3900","56.5658","-0.02"
"Mar 05, 2018","56.3960","56.8116","57.3155","56.3721","-0.72"
"Mar 06, 2018","56.7025","56.4046","56.7617","56.2555","0.54"
"Mar 07, 2018","56.8337","56.6612","57.0688","56.6235","0.23"
"Mar 08, 2018","57.0850","56.8135","57.1799","56.7733","0.44"
"Mar 09, 2018","56.6177","57.1173","57.1392","56.5848","-0.82"
"Mar 12, 2018","56.8950","56.7000","56.9988","56.4822","0.49"
"Mar 13, 2018","57.0510","56.9300","57.1383","56.6350","0.27"
"Mar 14, 2018","57.1350","57.1045","57.3158","56.7595","0.15"
"Mar 15, 2018","57.4306","57.1595","57.5370","56.9290","0.52"
"Mar 16, 2018","57.5056","57.4592","57.8200","57.3778","0.13"
"Mar 19, 2018","57.7662","57.5051","58.0425","57.3970","0.45"
"Mar 20, 2018","57.5563","57.7762","57.8978","57.4138","-0.36"
"Mar 21, 2018","56.8620","57.6137","57.6304","56.8348","-1.21"
"Mar 22, 2018","57.2260","56.8768","57.2905","56.7304","0.64"
"Mar 23, 2018","57.2234","57.2566","57.4048","56.9801","-0.00"
"Mar 26, 2018","57.1970","57.1903","57.5203","56.8190","-0.05"
"Mar 27, 2018","57.3560","57.1966","57.5433","57.0108","0.28"
"Mar 28, 2018","57.7388","57.3990","57.8928","57.2582","0.67"
"Mar 29, 2018","57.2485","57.7488","57.8438","57.2353","-0.85"
"Mar 30, 2018","57.1210","57.2917","57.4824","57.0208","-0.22"
"Apr 02, 2018","57.4800","57.1726","57.6534","57.1190","0.63"
"Apr 03, 2018","57.5700","57.4895","57.7103","57.3375","0.16"
"Apr 04, 2018","57.4020","57.6317","57.9128","57.3943","-0.29"
"Apr 05, 2018","57.6730","57.4358","57.7815","57.4011","0.47"
"Apr 06, 2018","58.1400","57.7075","58.1798","57.5608","0.81"
"Apr 09, 2018","60.6005","58.1039","60.6647","58.0503","4.23"
"Apr 10, 2018","63.0130","60.6050","63.9475","60.1976","3.98"
"Apr 11, 2018","62.4512","63.0730","65.0600","62.0408","-0.89"
"Apr 12, 2018","61.9590","62.4618","63.1240","61.2624","-0.79"
"Apr 13, 2018","62.0193","62.0025","62.3000","61.1831","0.10"
"Apr 16, 2018","61.1343","62.7942","63.2063","60.9772","-1.43"
"Apr 17, 2018","61.5130","61.1358","62.0548","60.8336","0.62"
"Apr 18, 2018","60.8635","61.5278","61.9885","60.7415","-1.06"
"Apr 19, 2018","60.9105","60.8680","61.2060","60.5575","0.08"
"Apr 20, 2018","61.3771","60.9630","61.6200","60.8585","0.77"
"Apr 23, 2018","61.8630","61.3400","62.1903","61.1709","0.79"
"Apr 24, 2018","61.5568","61.8730","61.9070","61.3451","-0.49"
"Apr 25, 2018","62.4062","61.5668","62.4972","61.4808","1.38"
"Apr 26, 2018","62.8105","62.4356","63.0453","62.1198","0.65"
"Apr 27, 2018","62.1156","62.8205","62.8732","61.7100","-1.11"
"Apr 28, 2018","62.2344","62.1635","62.2979","61.9012","0.19"
"Apr 30, 2018","62.9362","62.2857","63.1695","62.1957","1.13"
"May 01, 2018","63.7554","62.9658","63.8000","62.9150","1.30"
"May 02, 2018","64.0655","63.7500","64.2850","63.1548","0.49"
"May 03, 2018","62.9955","64.0666","64.0711","62.8519","-1.67"
"May 04, 2018","62.4812","63.0034","63.4800","62.3294","-0.82"
"May 07, 2018","62.8680","62.5000","63.0215","62.5000","0.62"
"May 08, 2018","63.2141","62.9173","63.6890","62.7163","0.55"
"May 09, 2018","62.9695","63.1750","63.9596","62.8925","-0.39"
"May 10, 2018","61.6505","63.0610","63.1709","61.5653","-2.09"
"May 11, 2018","61.8880","61.7214","62.0549","61.4050","0.39"
"May 14, 2018","61.8656","61.8328","61.9703","61.5407","-0.04"
"May 15, 2018","62.2455","61.8756","62.7770","61.7766","0.61"
"May 16, 2018","61.7130","62.2900","62.6505","61.6065","-0.86"
"May 17, 2018","62.1350","61.7280","62.2323","61.5973","0.68"
"May 18, 2018","62.2924","62.1650","62.7002","61.8230","0.25"
"May 21, 2018","61.5138","62.3414","62.7215","61.5084","-1.25"
"May 22, 2018","61.2293","61.5352","61.7038","60.9415","-0.46"
"May 23, 2018","61.2575","61.2338","61.8300","61.1915","0.05"
"May 24, 2018","61.5620","61.3050","61.6899","61.2738","0.50"
"May 25, 2018","62.1954","61.5770","62.3513","61.4998","1.03"
"May 28, 2018","62.2975","62.1916","62.5090","62.0562","0.16"
"May 29, 2018","62.8175","62.3250","62.9400","62.2339","0.83"
"May 30, 2018","62.0710","62.8675","62.9327","61.9897","-1.19"
"May 31, 2018","62.3496","62.1097","62.5695","61.9309","0.45"
"Jun 01, 2018","62.1962","62.3596","62.5178","61.9324","-0.25"
"Jun 04, 2018","62.0535","62.2213","62.2481","61.8050","-0.23"
"Jun 05, 2018","62.1280","62.0580","62.4616","61.8298","0.12"
"Jun 06, 2018","61.7855","62.1484","62.1867","61.7587","-0.55"
"Jun 07, 2018","62.3906","61.8155","62.6608","61.5812","0.98"
"Jun 08, 2018","62.2760","62.4006","62.9415","62.2235","-0.18"
"Jun 09, 2018","62.4747","62.3260","62.6051","62.2179","0.32"
"Jun 11, 2018","62.7727","62.4948","62.9311","62.0587","0.48"
"Jun 12, 2018","63.0426","62.8479","63.2026","62.5960","0.43"
"Jun 13, 2018","62.4477","63.0526","63.2855","62.2910","-0.94"
"Jun 14, 2018","62.5400","62.4777","62.6874","61.9515","0.15"
"Jun 15, 2018","63.1309","62.5600","63.3590","62.4065","0.94"
"Jun 18, 2018","63.3620","63.0678","63.8050","63.0366","0.37"
"Jun 19, 2018","63.8233","63.3720","64.2245","63.3100","0.73"
"Jun 20, 2018","63.5755","63.8671","63.9083","63.3997","-0.39"
"Jun 21, 2018","63.6365","63.6000","63.9386","63.4650","0.10"
"Jun 22, 2018","62.9250","63.6410","63.7632","62.7941","-1.12"
"Jun 25, 2018","62.7380","62.9300","63.3501","62.6170","-0.30"
"Jun 26, 2018","62.9925","62.8015","63.3611","62.6606","0.41"
"Jun 27, 2018","63.1861","63.0525","63.4053","62.8648","0.31"
"Jun 28, 2018","62.8015","63.2306","63.4910","62.7544","-0.61"
"Jun 29, 2018","62.7855","62.8260","62.9605","62.5615","-0.03"
"Jul 02, 2018","63.3960","63.0173","63.6090","62.9278","0.97"
"Jul 03, 2018","63.1250","63.4175","63.5151","63.0673","-0.43"
"Jul 04, 2018","63.2730","63.1350","63.3656","62.9598","0.23"
"Jul 05, 2018","63.0850","63.3175","63.4064","62.9198","-0.30"
"Jul 06, 2018","62.9147","63.1382","63.3423","62.9021","-0.27"
"Jul 09, 2018","62.3825","62.9530","63.0425","62.3998","-0.85"
"Jul 10, 2018","61.7830","62.3627","62.6483","61.6269","-0.96"
"Jul 11, 2018","62.3925","61.7930","62.4586","61.6200","0.99"
"Jul 12, 2018","62.2405","62.4164","62.4901","61.9110","-0.24"
"Jul 13, 2018","62.5330","62.2650","62.7753","62.0550","0.47"
"Jul 16, 2018","62.2792","62.5000","62.5601","62.0850","-0.41"
"Jul 17, 2018","62.6115","62.3292","62.6654","62.2537","0.53"
"Jul 18, 2018","62.9918","62.6415","63.2603","62.5985","0.61"
"Jul 19, 2018","63.5784","63.0218","63.8018","62.9385","0.93"
"Jul 20, 2018","63.4220","63.6084","63.8031","63.2797","-0.25"
"Jul 23, 2018","63.0460","63.4700","63.5785","62.9464","-0.59"
"Jul 24, 2018","63.3020","63.0835","63.5490","62.6488","0.41"
"Jul 25, 2018","62.7830","63.3380","63.4170","62.7144","-0.82"
"Jul 26, 2018","62.9277","62.8205","63.1040","62.7215","0.23"
"Jul 27, 2018","62.7395","62.9708","63.0566","62.6408","-0.30"
"Jul 30, 2018","62.2180","62.7514","62.9718","62.1817","-0.83"
"Jul 31, 2018","62.4960","62.2630","62.6015","62.1623","0.45"
"Aug 01, 2018","63.0025","62.5370","63.1031","62.4081","0.81"
"Aug 02, 2018","63.3275","63.0512","63.5667","62.9417","0.52"
"Aug 03, 2018","63.2975","63.3600","63.5525","63.1446","-0.05"
"Aug 06, 2018","63.7270","63.3890","63.8028","63.3043","0.68"
"Aug 07, 2018","63.4650","63.7591","63.7850","63.3710","-0.41"
"Aug 08, 2018","65.5690","63.5115","65.6728","63.4075","3.32"
"Aug 09, 2018","66.6400","65.6010","66.7300","65.5267","1.63"
"Aug 10, 2018","67.6759","66.6650","67.9162","66.4604","1.55"
"Aug 13, 2018","67.7653","67.6909","69.3435","67.3635","0.13"
"Aug 14, 2018","66.2715","67.8098","67.8098","66.2894","-2.20"
"Aug 15, 2018","67.2620","66.3178","67.7786","66.2285","1.49"
"Aug 16, 2018","66.8205","67.2820","67.3862","66.4848","-0.66"
"Aug 17, 2018","66.9725","66.8066","67.6575","66.6661","0.23"
"Aug 20, 2018","66.9560","67.1749","67.3674","66.9130","-0.02"
"Aug 21, 2018","67.1880","66.9710","67.6330","66.8428","0.35"
"Aug 22, 2018","68.0330","67.2580","68.4574","67.1987","1.26"
"Aug 23, 2018","68.2175","68.0480","69.0225","67.4563","0.27"
"Aug 24, 2018","67.0485","68.2505","68.3228","67.0504","-1.71"
"Aug 27, 2018","67.3830","67.0930","67.6936","66.9693","0.50"
"Aug 28, 2018","67.8655","67.3930","67.9274","67.2015","0.72"
"Aug 29, 2018","67.8575","67.8456","68.4055","67.6710","-0.01"
"Aug 30, 2018","68.2039","67.9725","68.4106","67.7500","0.51"
"Aug 31, 2018","67.4715","68.2705","68.3177","67.3059","-1.07"
"Sep 03, 2018","67.9254","67.5649","68.1912","67.5649","0.67"
"Sep 04, 2018","68.0695","67.9499","68.4928","67.8613","0.21"
"Sep 05, 2018","68.1910","68.1140","68.6002","67.9433","0.18"
"Sep 06, 2018","69.1966","68.2110","69.6413","67.9605","1.47"
"Sep 07, 2018","69.8740","69.2641","69.9540","68.7950","0.98"
"Sep 10, 2018","70.5200","69.9116","70.6050","69.6985","0.92"
"Sep 11, 2018","69.3782","70.5407","70.6627","69.3401","-1.62"
"Sep 12, 2018","68.9448","69.3827","69.8181","68.6388","-0.62"
"Sep 13, 2018","68.1923","68.9931","69.0404","67.9459","-1.09"
"Sep 14, 2018","68.0170","68.2700","68.5860","67.4513","-0.26"
"Sep 17, 2018","68.0695","68.2347","68.3828","67.9100","0.08"
"Sep 18, 2018","67.2850","68.0895","68.2430","67.2880","-1.15"
"Sep 19, 2018","66.6862","67.3392","67.4659","66.6678","-0.89"
"Sep 20, 2018","66.3264","66.7162","66.9490","66.1898","-0.54"
"Sep 21, 2018","66.4405","66.3309","66.8190","66.1078","0.17"
"Sep 24, 2018","65.8800","66.5588","66.6155","65.6685","-0.84"
"Sep 25, 2018","65.8210","65.9225","66.0104","65.5095","-0.09"
"Sep 26, 2018","65.8650","65.8310","66.1138","65.6650","0.07"
"Sep 27, 2018","65.5940","65.8750","66.0565","65.2144","-0.41"
"Sep 28, 2018","65.5748","65.5985","65.9416","65.3773","-0.03"
"Oct 01, 2018","64.9996","65.6154","65.7234","64.8418","-0.88"
"Oct 02, 2018","65.4388","65.0091","65.6390","64.9385","0.68"
"Oct 03, 2018","65.8775","65.4488","65.9433","65.3250","0.67"
"Oct 04, 2018","66.9785","65.8900","67.0626","65.8275","1.67"
"Oct 05, 2018","66.6200","66.9530","66.9877","66.3900","-0.54"
"Oct 08, 2018","66.5814","66.5845","67.1000","66.5192","-0.06"
"Oct 09, 2018","66.2175","66.5859","66.8805","66.1430","-0.55"
"Oct 10, 2018","66.8675","66.2275","66.9213","65.9783","0.98"
"Oct 11, 2018","66.2888","66.8775","67.0180","65.9885","-0.87"
"Oct 12, 2018","66.0350","66.3038","66.4289","65.8625","-0.38"
"Oct 15, 2018","65.6300","66.0400","66.1805","65.2825","-0.61"
"Oct 16, 2018","65.3488","65.6720","65.6920","65.2372","-0.43"
"Oct 17, 2018","65.5075","65.3650","65.6905","65.2538","0.24"
"Oct 18, 2018","65.7900","65.5225","65.9017","65.4454","0.43"
"Oct 19, 2018","65.4632","65.8050","65.9405","65.3080","-0.50"
"Oct 22, 2018","65.1875","65.4750","65.7180","64.9897","-0.42"
"Oct 23, 2018","65.5013","65.2025","65.7235","65.1556","0.48"
"Oct 24, 2018","65.6338","65.5163","65.7880","64.9475","0.20"
"Oct 25, 2018","65.5950","65.6500","65.9838","65.4362","-0.06"
"Oct 26, 2018","65.6855","65.6140","65.9388","65.4854","0.14"
"Oct 29, 2018","65.8128","65.6887","65.9684","65.4560","0.19"
"Oct 30, 2018","65.4570","65.8400","65.9192","65.4500","-0.54"
"Oct 31, 2018","65.8650","65.4750","65.9031","65.4278","0.62"
"Nov 01, 2018","65.6511","65.8788","65.9025","65.5550","-0.32"
"Nov 02, 2018","66.1148","65.6712","66.3023","65.5038","0.71"
"Nov 05, 2018","66.0390","66.0966","66.4856","65.9500","-0.11"
"Nov 06, 2018","66.0475","66.0600","66.3239","65.7436","0.01"
"Nov 07, 2018","66.1988","66.0815","66.3588","65.8183","0.23"
"Nov 08, 2018","66.8900","66.2245","66.9780","66.1103","1.04"
"Nov 09, 2018","67.9150","66.9050","68.1923","66.7621","1.53"
"Nov 12, 2018","67.8458","67.9078","67.9495","67.3290","-0.10"
"Nov 13, 2018","68.0517","67.8990","68.1991","67.5325","0.30"
"Nov 14, 2018","67.0715","68.0570","68.2852","66.9880","-1.44"
"Nov 15, 2018","65.8600","67.1650","67.2567","65.7872","-1.81"
"Nov 16, 2018","65.9250","65.8750","66.2175","65.6570","0.10"
"Nov 19, 2018","65.6050","66.0108","66.1533","65.4762","-0.49"
"Nov 20, 2018","66.1258","65.6200","66.2524","65.5050","0.79"
"Nov 21, 2018","65.7137","66.1605","66.2343","65.5163","-0.62"
"Nov 22, 2018","65.5896","65.7287","65.8286","65.4057","-0.19"
"Nov 23, 2018","66.1775","65.6364","66.4400","65.5187","0.90"
"Nov 26, 2018","67.1220","66.3750","67.3550","66.3543","1.43"
"Nov 27, 2018","67.0795","67.1830","67.3903","66.4563","-0.06"
"Nov 28, 2018","67.0500","67.0945","67.5425","66.7488","-0.04"
"Nov 29, 2018","66.2440","67.0900","67.1480","65.9273","-1.20"
"Nov 30, 2018","67.0600","66.2750","67.2038","66.0135","1.23"
"Dec 03, 2018","66.4555","67.0995","67.1155","66.0779","-0.90"
"Dec 04, 2018","66.8325","66.5110","66.9503","66.1933","0.57"
"Dec 05, 2018","66.5000","66.8760","66.9544","66.4423","-0.50"
"Dec 06, 2018","66.8475","66.5362","67.2453","66.4633","0.52"
"Dec 07, 2018","66.3840","66.9500","67.0828","65.9730","-0.69"
"Dec 10, 2018","66.6845","66.3785","66.7527","66.1348","0.45"
"Dec 11, 2018","66.3895","66.6890","66.7406","66.2063","-0.44"
"Dec 12, 2018","66.3660","66.4035","66.5475","66.1145","-0.04"
"Dec 13, 2018","66.2399","66.4350","66.5013","66.1219","-0.19"
"Dec 14, 2018","66.7611","66.1952","66.8668","66.1848","0.79"
"Dec 17, 2018","66.6955","66.7505","66.8425","66.4224","-0.10"
"Dec 18, 2018","67.4045","66.7162","67.5300","66.4949","1.06"
"Dec 19, 2018","67.4160","67.4050","67.8150","66.9641","0.02"
"Dec 20, 2018","68.2690","67.4853","68.7254","67.2228","1.27"
"Dec 21, 2018","68.8825","68.3230","69.1502","67.8488","0.90"
"Dec 24, 2018","68.5775","68.7634","68.8178","68.1681","-0.44"
"Dec 25, 2018","68.6445","68.6214","68.9795","68.3952","0.10"
"Dec 26, 2018","68.6547","68.7138","69.4921","68.5948","0.01"
"Dec 27, 2018","69.4600","68.7500","69.7660","68.5520","1.17"
"Dec 28, 2018","69.4365","69.4900","69.7891","69.2372","-0.03"
"Dec 29, 2018","69.7772","69.5149","69.9445","69.3809","0.49"
"Dec 31, 2018","69.6800","69.5540","69.7192","69.5540","-0.14"
"Jan 01, 2019","69.6800","69.6800","69.6800","69.6800","0.00"
"Jan 02, 2019","69.0010","69.6636","69.7283","68.6754","-0.97"
"Jan 03, 2019","68.6917","69.0310","69.5308","68.5119","-0.45"
"Jan 04, 2019","67.6486","68.7042","69.0148","67.4982","-1.52"
"Jan 07, 2019","66.6486","67.6904","67.8842","66.5958","-1.48"
"Jan 08, 2019","66.8855","66.6786","67.3274","66.6336","0.36"
"Jan 09, 2019","66.6040","66.9005","67.2618","66.5987","-0.42"
"Jan 10, 2019","66.8460","66.6725","67.3512","66.6096","0.36"
"Jan 11, 2019","66.8797","66.8507","67.1700","66.7810","0.05"
"Jan 14, 2019","67.0070","66.8827","67.3133","66.8216","0.19"
"Jan 15, 2019","66.9990","67.0220","67.1580","66.8704","-0.01"
"Jan 16, 2019","66.2718","67.0290","67.1447","66.2496","-1.09"
"Jan 17, 2019","66.3225","66.3525","66.6955","66.2404","0.08"
"Jan 18, 2019","66.1686","66.3565","66.5240","66.1060","-0.23"
"Jan 21, 2019","66.3600","66.1500","66.4893","66.1439","0.29"
"Jan 22, 2019","66.4770","66.3913","66.6353","66.3175","0.18"
"Jan 23, 2019","66.0720","66.5050","66.5570","66.0155","-0.61"
"Jan 24, 2019","65.6960","66.0788","66.1661","65.6655","-0.57"
"Jan 25, 2019","65.9510","65.6873","66.2680","65.6117","0.39"
"Jan 28, 2019","66.2130","66.0000","66.3737","65.5641","0.40"
"Jan 29, 2019","65.9936","66.2600","66.4163","65.9553","-0.33"
"Jan 30, 2019","65.3600","66.0236","66.2050","65.3535","-0.96"
"Jan 31, 2019","65.3390","65.3900","65.7064","65.1538","-0.03"
"Feb 01, 2019","65.4340","65.3700","65.7468","65.3110","0.15"
"Feb 04, 2019","65.5345","65.4990","65.7390","65.4384","0.15"
"Feb 05, 2019","65.5820","65.5650","65.6636","65.4075","0.07"
"Feb 06, 2019","65.8495","65.6200","65.9540","65.5358","0.41"
"Feb 07, 2019","65.9390","65.8650","66.1698","65.6864","0.14"
"Feb 08, 2019","65.4605","65.9435","66.1776","65.3348","-0.73"
"Feb 11, 2019","65.7850","65.4660","65.9066","65.3824","0.50"
"Feb 12, 2019","65.8080","65.8030","66.2485","65.4950","0.03"
"Feb 13, 2019","66.5090","65.8515","66.5902","65.5984","1.07"
"Feb 14, 2019","66.6527","66.5240","67.1729","66.2763","0.22"
"Feb 15, 2019","66.2523","66.6260","66.7959","66.2179","-0.60"
"Feb 18, 2019","66.1910","66.2485","66.4000","66.0772","-0.09"
"Feb 19, 2019","65.6825","66.2335","66.3452","65.6812","-0.77"
"Feb 20, 2019","65.6500","65.7050","65.9478","65.4578","-0.05"
"Feb 21, 2019","65.5910","65.6774","65.7940","65.3612","-0.09"
"Feb 22, 2019","65.3575","65.6290","65.7236","65.2972","-0.36"
"Feb 25, 2019","65.5050","65.5077","65.6475","65.1498","0.23"
"Feb 26, 2019","65.6575","65.5200","65.9550","65.4418","0.23"
"Feb 27, 2019","65.7400","65.7075","66.0325","65.6435","0.13"
"Feb 28, 2019","65.9550","65.7875","66.0361","65.6785","0.33"
"Mar 01, 2019","65.9130","65.9681","65.9935","65.6000","-0.06"
"Mar 04, 2019","65.7315","65.9180","65.9688","65.6333","-0.28"
"Mar 05, 2019","65.7463","65.7465","65.8627","65.5897","0.02"
"Mar 06, 2019","65.9040","65.7965","66.0497","65.7467","0.24"
"Mar 07, 2019","66.2624","65.9185","66.3143","65.8423","0.54"
"Mar 08, 2019","66.3200","66.2924","66.5163","66.2371","0.09"
"Mar 11, 2019","65.8763","66.4329","66.4791","65.8544","-0.67"
"Mar 12, 2019","65.6175","65.9121","65.9770","65.5313","-0.39"
"Mar 13, 2019","65.4590","65.6220","65.6894","65.3147","-0.24"
"Mar 14, 2019","65.4760","65.4482","65.6063","65.2903","0.03"
"Mar 15, 2019","64.7935","65.4785","65.5521","64.7688","-1.04"
"Mar 18, 2019","64.3745","64.9319","64.9350","64.1325","-0.65"
"Mar 19, 2019","64.3740","64.3962","64.5875","64.1763","-0.00"
"Mar 20, 2019","63.8140","64.3902","64.4125","63.6464","-0.87"
"Mar 21, 2019","63.8643","63.8825","63.9554","63.6325","0.08"
"Mar 22, 2019","64.5960","63.8793","64.8385","63.6955","1.15"
"Mar 25, 2019","63.9710","64.5510","64.7251","63.9080","-0.97"
"Mar 26, 2019","64.4085","64.0055","64.4950","63.9208","0.68"
"Mar 27, 2019","64.8475","64.4140","65.0087","64.3221","0.68"
"Mar 28, 2019","64.9450","64.8618","65.2937","64.5503","0.15"
"Mar 29, 2019","65.6700","64.9730","65.7653","64.5890","1.12"
"Apr 01, 2019","65.2115","65.6005","65.8503","65.1355","-0.70"
"Apr 02, 2019","65.3060","65.2170","65.5677","65.2033","0.14"
"Apr 03, 2019","65.2260","65.3454","65.4715","65.0329","-0.12"
"Apr 04, 2019","65.4100","65.2410","65.6203","65.1152","0.28"
"Apr 05, 2019","65.2850","65.4250","65.5610","65.1533","-0.19"
"Apr 08, 2019","64.8600","65.3500","65.4690","64.8050","-0.65"
"Apr 09, 2019","64.9170","64.9213","64.9975","64.6235","0.09"
"Apr 10, 2019","64.2040","64.9525","64.9678","64.2061","-1.10"
"Apr 11, 2019","64.5740","64.2340","64.7174","64.2202","0.58"
"Apr 12, 2019","64.2900","64.5949","64.6550","64.1182","-0.44"
"Apr 15, 2019","64.2915","64.3750","64.4438","64.1648","0.00"
"Apr 16, 2019","64.0805","64.3065","64.4573","64.0408","-0.33"
"Apr 17, 2019","63.8020","64.0855","64.1289","63.7742","-0.43"
"Apr 18, 2019","63.8645","63.7881","64.1660","63.7681","0.10"
"Apr 19, 2019","64.0250","63.8602","64.0900","63.8285","0.25"
"Apr 22, 2019","63.7665","64.0260","64.0868","63.7329","-0.40"
"Apr 23, 2019","63.6940","63.8215","63.9049","63.6446","-0.11"
"Apr 24, 2019","64.3925","63.7264","64.5085","63.6558","1.10"
"Apr 25, 2019","64.6495","64.3700","64.9860","64.2209","0.40"
"Apr 26, 2019","64.7950","64.6574","64.8993","64.5529","0.23"
"Apr 29, 2019","64.4615","64.7880","64.8235","64.4023","-0.51"
"Apr 30, 2019","64.5830","64.4461","65.0128","64.3285","0.19"
"May 01, 2019","64.8300","64.6149","64.8845","64.5150","0.38"
"May 02, 2019","65.3760","64.8450","65.5815","64.7078","0.84"
"May 03, 2019","65.0825","65.3910","65.6183","65.0120","-0.45"
"May 06, 2019","65.2280","65.0975","65.5190","65.0447","0.22"
"May 07, 2019","65.3740","65.2811","65.4671","64.9838","0.22"
"May 08, 2019","64.9760","65.4096","65.4427","64.8984","-0.61"
"May 09, 2019","65.2200","64.9910","65.5528","64.9910","0.38"
"May 10, 2019","65.0877","65.2462","65.4601","65.0471","-0.20"
"May 13, 2019","65.3746","65.1405","65.5762","65.1048","0.44"
"May 14, 2019","64.8948","65.4020","65.4500","64.8501","-0.73"
"May 15, 2019","64.6555","64.9098","65.0040","64.4796","-0.37"
"May 16, 2019","64.6205","64.6070","64.7432","64.3873","-0.05"
"May 17, 2019","64.7505","64.6245","64.8085","64.5500","0.20"
"May 20, 2019","64.5000","64.7836","64.7944","64.4125","-0.39"
"May 21, 2019","64.4100","64.5300","64.6415","64.3363","-0.14"
"May 22, 2019","64.2850","64.3660","64.5150","64.1460","-0.19"
"May 23, 2019","64.8425","64.3334","64.9365","64.2938","0.87"
"May 24, 2019","64.4190","64.8635","64.9013","64.3967","-0.65"
"May 27, 2019","64.3543","64.4274","64.5418","64.3163","-0.10"
"May 28, 2019","64.6678","64.3963","64.7575","64.3476","0.49"
"May 29, 2019","64.9140","64.6885","65.4000","64.6198","0.38"
"May 30, 2019","65.1730","64.9141","65.2109","64.8700","0.40"
"May 31, 2019","65.4080","65.1460","65.5945","65.1039","0.36"
"Jun 03, 2019","65.3220","65.5546","65.6803","65.1482","-0.13"
"Jun 04, 2019","65.1405","65.2995","65.4739","64.9953","-0.28"
"Jun 05, 2019","65.3035","65.1911","65.4102","64.9547","0.25"
"Jun 06, 2019","65.0770","65.3185","65.3728","65.0112","-0.35"
"Jun 07, 2019","64.7712","65.1070","65.1725","64.7415","-0.47"
"Jun 10, 2019","64.7388","64.7598","65.0040","64.6297","-0.05"
"Jun 11, 2019","64.5200","64.7245","64.7626","64.4345","-0.34"
"Jun 12, 2019","64.8915","64.5300","64.9649","64.4937","0.58"
"Jun 13, 2019","64.5495","64.9060","64.9253","64.4893","-0.53"
"Jun 14, 2019","64.3675","64.5540","64.6208","64.2107","-0.28"
"Jun 17, 2019","64.2830","64.4184","64.4202","64.1182","-0.13"
"Jun 18, 2019","63.9928","64.3160","64.4121","63.9073","-0.45"
"Jun 19, 2019","63.7166","64.0078","64.1163","63.6739","-0.43"
"Jun 20, 2019","62.8371","63.7265","63.7954","62.8443","-1.38"
"Jun 21, 2019","63.0000","62.8595","63.7893","62.8326","0.26"
"Jun 24, 2019","62.5414","63.2050","63.2073","62.5246","-0.73"
"Jun 25, 2019","62.8688","62.5555","63.0333","62.4935","0.52"
"Jun 26, 2019","62.9818","62.8960","63.2330","62.7233","0.18"
"Jun 27, 2019","63.0525","62.9878","63.2850","62.9275","0.11"
"Jun 28, 2019","63.2525","63.0675","63.3081","62.8458","0.32"
"Jul 01, 2019","62.9955","63.1400","63.2387","62.7810","-0.41"
"Jul 02, 2019","63.2915","63.0000","63.3975","62.9285","0.47"
"Jul 03, 2019","63.3140","63.2663","63.6688","63.2516","0.04"
"Jul 04, 2019","63.4130","63.2988","63.5300","63.2458","0.16"
"Jul 05, 2019","63.7712","63.4500","63.8705","63.4105","0.56"
"Jul 08, 2019","63.6936","63.7832","64.0018","63.4815","-0.12"
"Jul 09, 2019","63.7995","63.6745","63.9506","63.6216","0.17"
"Jul 10, 2019","63.0690","63.8016","63.9428","63.0934","-1.14"
"Jul 11, 2019","62.7825","63.1100","63.2003","62.7558","-0.45"
"Jul 12, 2019","62.9902","62.8255","63.1988","62.7819","0.33"
"Jul 15, 2019","62.6039","63.1363","63.1800","62.5563","-0.61"
"Jul 16, 2019","63.0296","62.6189","63.0929","62.5977","0.68"
"Jul 17, 2019","62.8364","63.0439","63.0785","62.7173","-0.31"
"Jul 18, 2019","62.7736","62.8514","63.1462","62.7493","-0.10"
"Jul 19, 2019","63.0105","62.7886","63.0763","62.7198","0.38"
"Jul 22, 2019","63.0850","63.0227","63.1480","62.9213","0.12"
"Jul 23, 2019","63.1778","63.1063","63.3488","62.9769","0.15"
"Jul 24, 2019","63.3023","63.1920","63.3187","63.0015","0.20"
"Jul 25, 2019","63.2417","63.3165","63.3546","62.8307","-0.10"
"Jul 26, 2019","63.3275","63.2500","63.5100","63.0548","0.14"
"Jul 29, 2019","63.4050","63.3495","63.6391","63.1609","0.12"
"Jul 30, 2019","63.4927","63.4350","63.7388","63.2403","0.14"
"Jul 31, 2019","63.6413","63.5550","63.8068","63.1173","0.23"
"Aug 01, 2019","64.3660","63.6585","64.4088","63.4670","1.14"
"Aug 02, 2019","65.2691","64.3450","65.4353","64.2878","1.40"
"Aug 05, 2019","65.4300","65.2882","65.6232","64.8460","0.25"
"Aug 06, 2019","65.2800","65.4583","66.1863","64.9895","-0.23"
"Aug 07, 2019","65.3213","65.3010","65.6975","64.9435","0.06"
"Aug 08, 2019","65.0100","65.3350","65.4729","65.0157","-0.48"
"Aug 09, 2019","65.2455","65.0135","65.5387","65.0083","0.36"
"Aug 12, 2019","65.3875","65.3005","65.6902","65.2256","0.22"
"Aug 13, 2019","64.9090","65.4809","65.8865","64.7825","-0.73"
"Aug 14, 2019","66.0743","64.9800","66.1221","64.8780","1.80"
"Aug 15, 2019","66.0240","66.0780","66.5875","65.6308","-0.08"
"Aug 16, 2019","66.4700","66.0417","66.5759","65.8572","0.68"
"Aug 19, 2019","66.9629","66.4572","67.0515","66.2410","0.74"
"Aug 20, 2019","66.4745","66.9390","67.1088","66.4230","-0.73"
"Aug 21, 2019","65.6920","66.4650","66.5550","65.6318","-1.18"
"Aug 22, 2019","65.5703","65.7375","65.9813","65.4438","-0.19"
"Aug 23, 2019","65.9950","65.5582","66.2180","65.4769","0.65"
"Aug 26, 2019","66.1039","66.1072","66.3515","65.8223","0.17"
"Aug 27, 2019","66.4518","66.1298","66.7055","66.0144","0.53"
"Aug 28, 2019","66.7680","66.4562","66.9788","66.3038","0.48"
"Aug 29, 2019","66.5012","66.8188","66.9288","66.4185","-0.40"
"Aug 30, 2019","66.6670","66.5150","66.8398","66.3025","0.25"
"Sep 02, 2019","66.7575","66.7250","66.9075","66.5513","0.14"
"Sep 03, 2019","66.7400","66.7725","67.1420","66.7195","-0.03"
"Sep 04, 2019","66.1538","66.7750","66.8152","66.0690","-0.88"
"Sep 05, 2019","66.2383","66.1675","66.2808","65.8844","0.13"
"Sep 06, 2019","65.7725","66.1831","66.2595","65.5797","-0.70"
"Sep 09, 2019","65.5244","65.8150","65.8378","65.3498","-0.38"
"Sep 10, 2019","65.3961","65.5755","65.5905","65.2417","-0.20"
"Sep 11, 2019","65.5105","65.4506","65.6486","65.2810","0.17"
"Sep 12, 2019","64.8225","65.5825","65.5936","64.6650","-1.05"
"Sep 13, 2019","64.3275","64.8450","64.8450","64.1473","-0.76"
"Sep 16, 2019","63.9830","63.9250","64.1788","63.6623","-0.54"
"Sep 17, 2019","64.4046","64.0055","64.4940","63.9358","0.66"
"Sep 18, 2019","64.1475","64.4500","64.5626","64.1055","-0.40"
"Sep 19, 2019","63.9680","64.2075","64.4184","63.8111","-0.28"
"Sep 20, 2019","63.9950","64.0475","64.1267","63.7013","0.04"
"Sep 23, 2019","63.8502","64.0476","64.1290","63.7373","-0.23"
"Sep 24, 2019","63.9877","63.8675","64.0153","63.6063","0.22"
"Sep 25, 2019","64.1430","63.9910","64.4820","63.8863","0.24"
"Sep 26, 2019","64.2419","64.1916","64.3815","64.1000","0.15"
"Sep 27, 2019","64.6450","64.3000","64.7181","64.2085","0.63"
"Sep 30, 2019","64.8139","64.6500","65.0165","64.4998","0.26"
"Oct 01, 2019","65.1923","64.8475","65.4453","64.7463","0.58"
"Oct 02, 2019","65.1112","65.2073","65.5675","65.0273","-0.12"
"Oct 03, 2019","65.1320","65.1262","65.3756","65.0085","0.03"
"Oct 04, 2019","64.6470","65.1525","65.1845","64.5400","-0.74"
"Oct 07, 2019","64.9790","64.7015","65.0108","64.5995","0.51"
"Oct 08, 2019","65.1560","65.0195","65.3640","64.7402","0.27"
"Oct 09, 2019","64.8765","65.2150","65.2877","64.8113","-0.43"
"Oct 10, 2019","64.4400","64.8405","65.0902","64.3968","-0.67"
"Oct 11, 2019","64.2121","64.4550","64.5102","64.0040","-0.35"
"Oct 14, 2019","64.2188","64.2058","64.4402","64.1108","0.01"
"Oct 15, 2019","64.2970","64.2088","64.5140","64.1863","0.12"
"Oct 16, 2019","64.1055","64.3400","64.4640","64.0485","-0.30"
"Oct 17, 2019","64.1075","64.1361","64.2358","63.8423","0.00"
"Oct 18, 2019","63.7500","64.0968","64.1875","63.7535","-0.56"
"Oct 21, 2019","63.7565","63.8302","63.9988","63.6225","0.01"
"Oct 22, 2019","63.7050","63.7715","63.8414","63.5532","-0.08"
"Oct 23, 2019","63.8925","63.7200","63.9965","63.6283","0.29"
"Oct 24, 2019","64.0485","63.9089","64.1500","63.7480","0.24"
"Oct 25, 2019","63.8365","64.0635","64.1191","63.6313","-0.33"
"Oct 28, 2019","63.8342","63.8205","63.9695","63.5585","-0.00"
"Oct 29, 2019","63.9550","63.8418","64.0321","63.6825","0.19"
"Oct 30, 2019","63.7070","63.9700","64.1524","63.7075","-0.39"
"Oct 31, 2019","64.1517","63.7212","64.1878","63.6930","0.70"
"Nov 01, 2019","63.5241","64.1667","64.1826","63.3665","-0.98"
"Nov 04, 2019","63.5024","63.4200","63.5768","63.1573","-0.03"
"Nov 05, 2019","63.4400","63.5380","63.6905","63.1738","-0.10"
"Nov 06, 2019","63.7920","63.4550","64.0376","63.4115","0.55"
"Nov 07, 2019","63.5100","63.8110","63.9290","63.3710","-0.44"
"Nov 08, 2019","63.7725","63.5355","63.9834","63.4945","0.41"
"Nov 11, 2019","63.8625","63.8473","63.9882","63.7516","0.14"
"Nov 12, 2019","64.2290","63.8775","64.2885","63.7550","0.57"
"Nov 13, 2019","64.3600","64.2440","64.4702","64.1200","0.20"
"Nov 14, 2019","63.9520","64.4064","64.4064","63.9120","-0.63"
"Nov 15, 2019","63.7625","63.9500","64.0076","63.7039","-0.30"
"Nov 18, 2019","63.8175","63.7505","63.9690","63.6888","0.09"
"Nov 19, 2019","63.8225","63.8610","63.9282","63.6389","0.01"
"Nov 20, 2019","63.8150","63.8513","64.1168","63.7831","-0.01"
"Nov 21, 2019","63.6950","63.8485","63.9150","63.6500","-0.19"
"Nov 22, 2019","63.8345","63.7100","63.9088","63.6095","0.22"
"Nov 25, 2019","63.9000","63.8500","64.0708","63.7275","0.10"
"Nov 26, 2019","63.9743","63.9375","64.1438","63.8841","0.12"
"Nov 27, 2019","63.9599","63.9875","64.1110","63.8898","-0.02"
"Nov 28, 2019","64.0465","63.9575","64.1928","63.9168","0.14"
"Nov 29, 2019","64.3540","64.0970","64.3773","64.0020","0.48"
"Dec 02, 2019","64.2085","64.3537","64.4973","64.1426","-0.23"
"Dec 03, 2019","64.0675","64.2235","64.3003","64.0444","-0.22"
"Dec 04, 2019","63.8700","64.1200","64.2492","63.8213","-0.31"
"Dec 05, 2019","63.7214","63.9138","63.9515","63.6710","-0.23"
"Dec 06, 2019","63.6507","63.7226","63.8615","63.5951","-0.11"
"Dec 09, 2019","63.5266","63.7693","63.8488","63.4904","-0.19"
"Dec 10, 2019","63.4645","63.5363","63.6675","63.3982","-0.10"
"Dec 11, 2019","63.3141","63.4790","63.6595","63.2520","-0.24"
"Dec 12, 2019","62.7234","63.3431","63.3856","62.6808","-0.93"
"Dec 13, 2019","62.8165","62.7335","62.9476","62.1499","0.15"
"Dec 16, 2019","62.4704","62.8250","62.9186","62.3618","-0.55"
"Dec 17, 2019","62.3725","62.4854","62.7455","62.3363","-0.16"
"Dec 18, 2019","62.6175","62.3950","62.7243","62.3748","0.39"
"Dec 19, 2019","62.3620","62.6325","62.7158","62.2976","-0.41"
"Dec 20, 2019","62.2232","62.3900","62.4788","62.0085","-0.22"
"Dec 23, 2019","62.2200","62.3350","62.5397","62.1375","-0.01"
"Dec 24, 2019","61.8715","62.2560","62.3799","61.8618","-0.56"
"Dec 25, 2019","61.8370","61.8851","61.9810","61.5115","-0.06"
"Dec 26, 2019","62.2250","61.8750","62.2973","61.6634","0.63"
"Dec 27, 2019","62.0125","62.2400","62.2874","61.7925","-0.34"
"Dec 30, 2019","61.9870","62.0424","62.1806","61.6400","-0.04"
"Dec 31, 2019","61.9191","62.0250","62.3175","61.9318","-0.11"
"Jan 01, 2020","61.9322","61.9341","61.9472","61.9341","0.02"
"Jan 02, 2020","61.6650","61.9472","62.2087","61.5570","-0.43"
"Jan 03, 2020","62.0700","61.7025","62.2450","61.6785","0.66"
"Jan 06, 2020","61.7636","62.1146","62.3553","61.7335","-0.49"
"Jan 07, 2020","61.9255","61.7786","62.1278","61.5873","0.26"
"Jan 08, 2020","61.2175","61.9555","62.1480","61.0708","-1.14"
"Jan 09, 2020","61.2675","61.2665","61.4254","61.1131","0.08"
"Jan 10, 2020","61.0137","61.2750","61.3900","60.8772","-0.41"
"Jan 13, 2020","61.2160","61.0200","61.4013","60.8813","0.33"
"Jan 14, 2020","61.3895","61.2250","61.5325","61.1110","0.28"
"Jan 15, 2020","61.4000","61.4250","61.7875","61.3296","0.02"
"Jan 16, 2020","61.5990","61.4200","61.7733","61.3271","0.32"
"Jan 17, 2020","61.5559","61.6238","61.7187","61.2875","-0.07"
"Jan 20, 2020","61.5320","61.5825","61.6500","61.3784","-0.04"
"Jan 21, 2020","61.8650","61.5700","61.9734","61.5498","0.54"
"Jan 22, 2020","61.8275","61.8648","62.0755","61.7570","-0.06"
"Jan 23, 2020","61.8569","61.8685","62.1036","61.8305","0.05"
"Jan 24, 2020","62.0576","61.8705","62.2962","61.7170","0.32"
"Jan 27, 2020","62.9356","62.2413","63.1200","62.1642","1.41"
"Jan 28, 2020","62.2050","62.9751","63.1428","62.2023","-1.16"
"Jan 29, 2020","62.5120","62.2392","62.8298","62.1955","0.49"
"Jan 30, 2020","63.1338","62.5500","63.5162","62.4981","0.99"
"Jan 31, 2020","63.9512","63.2000","64.0235","63.0475","1.29"
"Feb 03, 2020","63.6615","63.9737","64.1060","63.4200","-0.45"
"Feb 04, 2020","63.0125","63.6750","63.7401","62.8368","-1.02"
"Feb 05, 2020","62.8700","63.0275","63.2920","62.5500","-0.23"
"Feb 06, 2020","63.3150","62.8750","63.4326","62.6154","0.71"
"Feb 07, 2020","64.1400","63.2891","64.2428","63.2160","1.30"
"Feb 10, 2020","64.0905","64.1985","64.3212","63.6463","-0.08"
"Feb 11, 2020","63.3560","64.0952","64.1378","63.2430","-1.15"
"Feb 12, 2020","63.1975","63.4226","63.4341","62.9095","-0.25"
"Feb 13, 2020","63.6415","63.2312","63.7913","63.1998","0.70"
"Feb 14, 2020","63.4950","63.6957","63.7213","63.3813","-0.23"
"Feb 17, 2020","63.4375","63.5625","63.5833","63.2050","-0.09"
"Feb 18, 2020","63.8458","63.5000","64.2070","63.4343","0.64"
"Feb 19, 2020","63.5050","63.8683","63.9707","63.4508","-0.53"
"Feb 20, 2020","64.1409","63.5750","64.3075","63.4998","1.00"
"Feb 21, 2020","64.0603","64.1502","64.5703","63.8933","-0.13"
"Feb 24, 2020","65.3380","64.0612","65.8653","64.0612","1.99"
"Feb 25, 2020","65.3000","65.3495","65.6062","64.6885","-0.06"
"Feb 26, 2020","65.3925","65.3150","65.7253","64.9613","0.14"
"Feb 27, 2020","66.2500","65.4275","66.4210","65.3717","1.31"
"Feb 28, 2020","66.7027","66.2660","67.6611","66.2655","0.68"
"Mar 02, 2020","66.1550","66.8450","67.3303","66.0910","-0.82"
"Mar 03, 2020","66.0820","66.1595","66.6769","65.3279","-0.11"
"Mar 04, 2020","66.2150","66.1275","66.5494","65.5085","0.20"
"Mar 05, 2020","67.5540","66.2725","67.7882","65.9798","2.02"
"Mar 06, 2020","68.5400","67.5667","68.6328","67.2790","1.46"
"Mar 09, 2020","74.6800","70.4917","75.4900","70.4667","8.96"
"Mar 10, 2020","71.3500","74.7804","75.0476","70.6747","-4.46"
"Mar 11, 2020","73.1790","71.3763","73.2703","70.5390","2.56"
"Mar 12, 2020","74.8850","73.2355","75.5394","72.7284","2.33"
"Mar 13, 2020","72.2650","74.9075","75.1488","72.0400","-3.50"
"Mar 16, 2020","74.4050","72.1146","75.4695","72.0548","2.96"
"Mar 17, 2020","75.2492","74.4400","75.5560","73.3805","1.13"
"Mar 18, 2020","80.6800","75.4145","82.9810","74.8032","7.22"
"Mar 19, 2020","79.0575","80.8500","82.2984","78.5167","-2.01"
"Mar 20, 2020","79.7523","79.1505","80.2355","77.4115","0.88"
"Mar 23, 2020","79.2190","79.7995","81.4065","79.2794","-0.67"
"Mar 24, 2020","78.2050","79.4545","79.6553","78.1275","-1.28"
"Mar 25, 2020","78.2310","78.3310","79.4734","76.9670","0.03"
"Mar 26, 2020","77.2428","78.2675","79.1050","76.9847","-1.26"
"Mar 27, 2020","78.7000","77.4170","79.3463","77.1394","1.89"
"Mar 30, 2020","79.2280","79.0475","80.4947","78.9961","0.67"
"Mar 31, 2020","78.4190","79.4631","79.8640","77.6702","-1.02"
"Apr 01, 2020","78.6126","78.4904","79.4203","78.3238","0.25"
"Apr 02, 2020","77.0425","78.6517","79.3099","77.1318","-2.00"
"Apr 03, 2020","76.3925","77.2384","78.0150","76.4263","-0.84"
"Apr 06, 2020","75.9362","76.8375","77.4862","75.9031","-0.60"
"Apr 07, 2020","75.3800","76.0437","76.1560","75.1630","-0.73"
"Apr 08, 2020","74.9598","75.5305","75.9814","74.8800","-0.56"
"Apr 09, 2020","74.1566","75.1028","75.3548","72.7085","-1.07"
"Apr 10, 2020","73.4430","74.2975","74.6147","73.1524","-0.96"
"Apr 13, 2020","73.6200","73.5862","74.0838","72.8837","0.24"
"Apr 14, 2020","72.9303","73.6808","73.7845","72.7227","-0.94"
"Apr 15, 2020","74.7126","73.1750","75.4140","72.7874","2.44"
"Apr 16, 2020","73.9437","74.8522","75.1413","73.7330","-1.03"
"Apr 17, 2020","73.8425","74.0680","74.4611","73.0289","-0.14"
"Apr 20, 2020","75.4340","74.0500","75.6678","73.9479","2.16"
"Apr 21, 2020","77.0602","75.5201","77.6935","75.1563","2.16"
"Apr 22, 2020","75.8260","77.3363","77.7745","75.8000","-1.60"
"Apr 23, 2020","74.7390","75.9775","76.1970","74.2207","-1.43"
"Apr 24, 2020","74.4000","74.8492","75.1900","73.9564","-0.45"
"Apr 27, 2020","74.1869","74.5450","74.9113","74.0107","-0.29"
"Apr 28, 2020","74.1008","74.3701","74.9453","73.7800","-0.12"
"Apr 29, 2020","72.9512","74.1225","74.4185","72.9783","-1.55"
"Apr 30, 2020","74.2900","73.0556","74.6741","72.6138","1.84"
"May 01, 2020","75.2075","74.3750","75.8500","74.1531","1.24"
"May 04, 2020","74.7130","75.3615","75.9980","74.6928","-0.66"
"May 05, 2020","73.4700","74.7963","75.0498","73.5126","-1.66"
"May 06, 2020","74.3915","73.7335","75.0590","73.3268","1.25"
"May 07, 2020","73.9525","74.5382","74.7545","73.5773","-0.59"
"May 08, 2020","73.3200","74.0944","74.4178","73.0981","-0.86"
"May 11, 2020","73.5265","73.4063","74.0053","73.0798","0.28"
"May 12, 2020","73.6075","73.6900","73.9125","72.9663","0.11"
"May 13, 2020","73.9033","73.6913","74.3359","73.0838","0.40"
"May 14, 2020","73.3862","74.0242","74.5303","73.4179","-0.70"
"May 15, 2020","73.3170","73.5085","74.0574","73.0003","-0.09"
"May 18, 2020","72.6510","73.8318","73.9206","72.5614","-0.91"
"May 19, 2020","72.4985","72.7245","72.8603","72.2026","-0.21"
"May 20, 2020","71.0046","72.5100","72.7270","71.0446","-2.06"
"May 21, 2020","70.8152","71.1205","71.5205","70.5973","-0.27"
"May 22, 2020","71.4500","70.9744","72.1668","70.8325","0.90"
"May 25, 2020","71.5750","71.6505","71.8895","71.1802","0.17"
"May 26, 2020","70.6620","71.6775","71.7642","70.6045","-1.28"
"May 27, 2020","70.9555","70.8010","71.4930","70.6106","0.42"
"May 28, 2020","70.4400","70.9722","71.2697","70.1335","-0.73"
"May 29, 2020","70.1425","70.3545","70.8825","70.1016","-0.42"
"Jun 01, 2020","68.9396","70.3050","70.4250","68.9635","-1.71"
"Jun 02, 2020","68.6100","69.0306","69.2705","68.5700","-0.48"
"Jun 03, 2020","68.4866","68.6392","68.9785","68.1743","-0.18"
"Jun 04, 2020","68.9900","68.5941","69.5939","68.3750","0.74"
"Jun 05, 2020","68.5820","69.1478","69.2070","68.2500","-0.59"
"Jun 08, 2020","68.1550","68.4095","68.7060","68.0095","-0.62"
"Jun 09, 2020","68.5675","68.2165","68.9570","68.0383","0.61"
"Jun 10, 2020","68.3400","68.7238","68.9750","68.1902","-0.33"
"Jun 11, 2020","70.0640","68.4864","70.2530","68.2878","2.52"
"Jun 12, 2020","69.5700","70.1650","70.5270","69.1700","-0.71"
"Jun 15, 2020","69.5525","69.6482","70.5737","69.4750","-0.03"
"Jun 16, 2020","69.5725","69.7345","69.9938","69.1649","0.03"
"Jun 17, 2020","69.5842","69.7180","69.9408","69.2529","0.02"
"Jun 18, 2020","69.3175","69.6474","70.0555","69.1500","-0.38"
"Jun 19, 2020","69.3260","69.9125","70.1168","69.1745","0.01"
"Jun 22, 2020","68.9300","69.6868","69.8438","68.9559","-0.57"
"Jun 23, 2020","68.7200","69.1248","69.6495","68.5465","-0.30"
"Jun 24, 2020","69.5652","68.7061","69.6741","68.6238","1.23"
"Jun 25, 2020","68.9550","69.6150","69.7692","68.9910","-0.88"
"Jun 26, 2020","69.6220","69.0535","70.0230","68.9325","0.97"
"Jun 29, 2020","70.0180","69.7712","70.4685","69.5530","0.57"
"Jun 30, 2020","71.0825","70.0983","71.3668","69.9814","1.52"
"Jul 01, 2020","70.6275","71.1513","71.3438","70.5500","-0.64"
"Jul 02, 2020","70.4800","70.6890","70.8028","70.1830","-0.21"
"Jul 03, 2020","71.2680","70.6100","71.7155","70.2264","1.12"
"Jul 06, 2020","71.5550","71.3700","72.1431","70.7943","0.40"
"Jul 07, 2020","71.1981","71.7770","72.3500","71.2234","-0.50"
"Jul 08, 2020","71.1012","71.4530","71.7778","71.0358","-0.14"
"Jul 09, 2020","70.6570","71.2449","71.4125","70.4815","-0.62"
"Jul 10, 2020","70.7220","70.7935","71.4400","70.6179","0.09"
"Jul 13, 2020","70.8675","70.8000","71.1406","70.4448","0.21"
"Jul 14, 2020","70.8825","71.0483","71.3506","70.7450","0.02"
"Jul 15, 2020","70.7740","70.9821","71.2394","70.6200","-0.15"
"Jul 16, 2020","71.3986","70.9425","71.6691","70.6735","0.88"
"Jul 17, 2020","71.7430","71.5751","72.0455","71.3944","0.48"
"Jul 20, 2020","71.3261","71.8170","72.1802","71.3095","-0.58"
"Jul 21, 2020","70.5296","71.4492","71.6213","70.5193","-1.12"
"Jul 22, 2020","70.9750","70.6662","71.3105","70.5538","0.63"
"Jul 23, 2020","71.3900","71.0938","71.6328","70.7797","0.58"
"Jul 24, 2020","71.5325","71.4513","72.0020","71.1570","0.20"
"Jul 27, 2020","71.4950","71.7760","72.0001","71.4200","-0.05"
"Jul 28, 2020","72.4290","71.6050","72.7000","71.4805","1.31"
"Jul 29, 2020","72.4733","72.5085","72.8918","72.0658","0.06"
"Jul 30, 2020","72.9850","72.5260","73.7911","72.3791","0.71"
"Jul 31, 2020","74.2200","73.1263","74.5517","73.0699","1.69"
"Aug 03, 2020","72.9503","74.0949","74.6410","73.0325","-1.71"
"Aug 04, 2020","73.3059","73.1345","74.0326","72.8883","0.49"
"Aug 05, 2020","72.9350","73.5612","73.6847","72.6315","-0.51"
"Aug 06, 2020","73.3000","73.0185","73.6156","72.6200","0.50"
"Aug 07, 2020","73.5900","73.3018","73.9630","73.1294","0.40"
"Aug 10, 2020","73.3926","73.7955","74.0410","73.0393","-0.27"
"Aug 11, 2020","72.9888","73.5163","73.7091","72.6880","-0.55"
"Aug 12, 2020","73.6175","73.0775","73.9856","72.9550","0.86"
"Aug 13, 2020","72.8194","73.5355","73.9564","72.8157","-1.08"
"Aug 14, 2020","72.7550","72.9103","73.5334","72.7668","-0.09"
"Aug 17, 2020","73.5770","73.0448","73.8619","72.7394","1.13"
"Aug 18, 2020","72.9875","73.6832","73.9661","72.9375","-0.80"
"Aug 19, 2020","73.2521","73.0888","73.6305","72.9066","0.36"
"Aug 20, 2020","73.7653","73.3629","74.1955","73.0585","0.70"
"Aug 21, 2020","74.7450","73.8439","75.0682","73.6565","1.33"
"Aug 24, 2020","74.4800","74.8159","74.9916","74.1600","-0.35"
"Aug 25, 2020","75.1180","74.7138","75.7716","74.2712","0.86"
"Aug 26, 2020","75.4490","75.1775","76.0349","75.0766","0.44"
"Aug 27, 2020","74.7025","75.5040","75.7829","74.6995","-0.99"
"Aug 28, 2020","74.0020","75.0864","75.2368","73.9862","-0.94"
"Aug 31, 2020","73.8085","74.1550","74.6212","73.5975","-0.26"
"Sep 01, 2020","73.3486","73.9322","74.0532","73.3555","-0.62"
"Sep 02, 2020","75.1463","73.6909","75.7563","73.4236","2.45"
"Sep 03, 2020","75.2175","75.4698","75.8945","74.8671","0.09"
"Sep 04, 2020","75.2070","75.2923","75.7143","74.9300","-0.01"
"Sep 07, 2020","75.6047","75.3037","76.2600","75.1893","0.53"
"Sep 08, 2020","76.1971","75.7645","76.5869","75.5176","0.78"
"Sep 09, 2020","75.2013","76.2272","76.5447","75.2301","-1.31"
"Sep 10, 2020","74.9979","75.3049","75.6847","74.6594","-0.27"
"Sep 11, 2020","74.7700","75.1508","75.3231","74.7425","-0.30"
"Sep 14, 2020","75.1800","74.9013","75.5470","74.5620","0.55"
"Sep 15, 2020","74.8900","75.3293","75.4855","74.8363","-0.39"
"Sep 16, 2020","74.5875","75.0031","75.4607","74.6238","-0.40"
"Sep 17, 2020","74.9296","74.9014","75.4972","74.7218","0.46"
"Sep 18, 2020","75.6640","75.1219","75.8295","74.7847","0.98"
"Sep 21, 2020","76.1160","75.8000","76.6600","75.3208","0.60"
"Sep 22, 2020","75.8853","76.2256","76.6846","75.5965","-0.30"
"Sep 23, 2020","76.9890","76.0894","77.1620","75.7898","1.45"
"Sep 24, 2020","76.8339","77.0395","77.5474","76.6425","-0.20"
"Sep 25, 2020","78.0650","77.0774","78.5630","76.6342","1.60"
"Sep 28, 2020","79.0230","78.0738","79.3333","77.9381","1.23"
"Sep 29, 2020","78.9497","79.0354","80.0213","78.4462","-0.09"
"Sep 30, 2020","77.5275","79.0850","79.4613","77.5374","-1.80"
"Oct 01, 2020","76.9388","77.6553","77.8530","76.9500","-0.76"
"Oct 02, 2020","78.0610","77.2453","78.8627","76.8790","1.46"
"Oct 05, 2020","78.0641","78.3350","78.9438","77.8200","0.00"
"Oct 06, 2020","78.3654","78.1434","78.7058","77.6050","0.39"
"Oct 07, 2020","77.9575","78.4250","78.5364","77.8927","-0.52"
"Oct 08, 2020","77.2234","78.0606","78.2458","77.2543","-0.94"
"Oct 09, 2020","76.6500","77.4068","77.4707","76.6576","-0.74"
"Oct 12, 2020","76.7736","76.9000","77.3100","76.6884","0.16"
"Oct 13, 2020","76.8900","77.0218","77.4762","76.7234","0.15"
"Oct 14, 2020","77.5860","77.0493","77.8650","76.8622","0.91"
"Oct 15, 2020","77.8200","77.7963","78.5146","77.5144","0.30"
"Oct 16, 2020","77.7380","77.9632","78.5138","77.6911","-0.11"
"Oct 19, 2020","77.4660","77.8640","78.1913","77.3953","-0.35"
"Oct 20, 2020","77.1420","77.7935","78.1198","77.2110","-0.42"
"Oct 21, 2020","76.5813","77.2588","77.4750","76.5590","-0.73"
"Oct 22, 2020","76.3837","76.7413","77.6517","76.3666","-0.26"
"Oct 23, 2020","76.1000","76.6040","76.9600","76.0834","-0.37"
"Oct 26, 2020","76.2675","76.2262","76.6637","75.9976","0.22"
"Oct 27, 2020","77.0547","76.4284","77.3572","76.1870","1.03"
"Oct 28, 2020","78.8968","77.1725","79.3428","77.0391","2.39"
"Oct 29, 2020","78.7620","79.0183","79.6585","78.5822","-0.17"
"Oct 30, 2020","79.3540","78.8825","79.6948","78.6650","0.75"
"Nov 02, 2020","80.3523","79.4503","80.9965","79.3465","1.26"
"Nov 03, 2020","79.0310","80.5235","80.7492","79.0058","-1.64"
"Nov 04, 2020","77.4572","79.1805","79.8620","77.4350","-1.99"
"Nov 05, 2020","76.7150","77.5945","78.8263","76.7120","-0.96"
"Nov 06, 2020","77.2190","76.8515","77.9563","76.6436","0.66"
"Nov 09, 2020","76.2690","77.5250","77.7012","75.7445","-1.23"
"Nov 10, 2020","76.3825","76.3610","76.9788","76.0688","0.15"
"Nov 11, 2020","77.0100","76.5325","77.2302","76.0438","0.82"
"Nov 12, 2020","77.0860","77.0735","77.8153","76.6200","0.10"
"Nov 13, 2020","77.1510","77.1706","77.7598","76.9858","0.08"
"Nov 16, 2020","76.1058","77.4000","77.5105","76.0904","-1.35"
"Nov 17, 2020","76.1590","76.3600","76.8035","76.0448","0.07"
"Nov 18, 2020","75.8493","76.2750","76.5734","75.5240","-0.41"
"Nov 19, 2020","76.0600","75.9800","76.6665","75.8569","0.28"
"Nov 20, 2020","76.0500","76.1000","76.5445","75.8338","-0.01"
"Nov 23, 2020","76.0450","76.1313","76.6039","75.5686","-0.01"
"Nov 24, 2020","75.3850","76.0763","76.2850","75.3440","-0.87"
"Nov 25, 2020","75.4610","75.5238","76.0191","75.3110","0.10"
"Nov 26, 2020","75.5977","75.5797","75.8593","75.3049","0.18"
"Nov 27, 2020","75.8050","75.6669","76.3558","75.5736","0.27"
"Nov 30, 2020","76.3282","76.2495","76.6756","75.7662","0.69"
"Dec 01, 2020","75.7647","76.4500","76.5333","75.5323","-0.74"
"Dec 02, 2020","74.9625","75.7938","76.1987","75.0043","-1.06"
"Dec 03, 2020","74.2575","75.1239","75.4090","74.2543","-0.94"
"Dec 04, 2020","73.9980","74.4825","74.7279","73.7567","-0.35"
"Dec 07, 2020","73.6425","74.2495","74.5338","73.2799","-0.48"
"Dec 08, 2020","73.3320","73.7440","74.0883","73.0365","-0.42"
"Dec 09, 2020","73.5740","73.4413","74.0875","73.1539","0.33"
"Dec 10, 2020","73.0000","73.6340","74.0001","72.9460","-0.78"
"Dec 11, 2020","72.9031","73.1000","73.4410","72.8630","-0.13"
"Dec 14, 2020","73.6456","73.1755","74.0455","72.7838","1.02"
"Dec 15, 2020","72.8381","73.8285","74.2000","73.0091","-1.10"
"Dec 16, 2020","73.1667","73.1420","73.7368","73.0758","0.45"
"Dec 17, 2020","72.8550","73.4513","73.5814","72.6445","-0.43"
"Dec 18, 2020","73.1600","72.9825","73.9263","72.8476","0.42"
"Dec 21, 2020","74.5580","74.0998","75.5087","73.6779","1.91"
"Dec 22, 2020","75.8420","74.7050","76.0663","74.5620","1.72"
"Dec 23, 2020","74.8930","75.8855","76.1140","74.7185","-1.25"
"Dec 24, 2020","73.8160","75.0020","75.3810","73.8113","-1.44"
"Dec 25, 2020","74.0100","74.0255","74.2566","73.6075","0.26"
"Dec 28, 2020","73.4843","74.2000","74.3730","73.4953","-0.71"
"Dec 29, 2020","73.8610","73.7760","74.2604","73.3695","0.51"
"Dec 30, 2020","74.1376","74.0030","74.9982","73.3765","0.37"
"Dec 31, 2020","73.7900","74.3908","75.2993","73.7410","-0.47"
"Jan 01, 2021","73.7900","73.9450","73.9450","73.9450","0.00"
"Jan 04, 2021","74.2810","74.2707","74.6705","73.0611","0.67"
"Jan 05, 2021","74.1100","74.5000","75.2937","73.8334","-0.23"
"Jan 06, 2021","73.7075","74.1090","74.3652","73.3824","-0.54"
"Jan 07, 2021","74.4381","73.9230","74.9850","73.5563","0.99"
"Jan 08, 2021","73.8150","74.6998","74.9520","73.8150","-0.84"
"Jan 11, 2021","74.5671","74.0000","75.0412","73.8790","1.02"
"Jan 12, 2021","73.4466","74.7038","74.8620","73.4366","-1.50"
"Jan 13, 2021","73.7375","73.4500","73.9812","73.3618","0.40"
"Jan 14, 2021","73.1196","73.8450","74.1480","73.1088","-0.84"
"Jan 15, 2021","73.3100","73.3423","73.9308","73.1408","0.26"
"Jan 18, 2021","73.8020","73.5000","74.4722","73.5000","0.67"
"Jan 19, 2021","73.6450","73.9225","74.1608","73.5837","-0.21"
"Jan 20, 2021","73.3790","73.8158","74.0279","73.2110","-0.36"
"Jan 21, 2021","73.7425","73.5000","74.2650","73.1725","0.50"
"Jan 22, 2021","75.1500","73.9125","75.4795","73.7545","1.91"
"Jan 25, 2021","75.3376","75.3154","75.9088","74.5425","0.25"
"Jan 26, 2021","75.0050","75.3847","75.8400","74.9165","-0.44"
"Jan 27, 2021","75.7173","75.0975","76.0193","74.6993","0.95"
"Jan 28, 2021","75.8820","75.8488","76.5525","75.6248","0.22"
"Jan 29, 2021","75.7500","76.0000","76.4166","75.2375","-0.17"
"Feb 01, 2021","76.0070","75.8763","76.2726","75.3435","0.34"
"Feb 02, 2021","76.1370","76.0875","76.3891","75.3100","0.17"
"Feb 03, 2021","75.8360","76.2012","76.4424","75.7017","-0.40"
"Feb 04, 2021","75.4002","75.9388","76.1482","75.3040","-0.57"
"Feb 05, 2021","74.5520","75.5250","75.8281","74.5163","-1.12"
"Feb 08, 2021","74.2511","74.7145","74.8533","74.1370","-0.40"
"Feb 09, 2021","73.8010","74.3348","74.4479","73.8330","-0.61"
"Feb 10, 2021","73.8650","73.8965","74.1781","73.6190","0.09"
"Feb 11, 2021","73.5632","73.9063","74.0331","73.5226","-0.41"
"Feb 12, 2021","73.5200","73.7100","74.4768","73.4498","-0.06"
"Feb 15, 2021","73.2479","73.6500","73.8910","73.1350","-0.37"
"Feb 16, 2021","73.5720","73.3325","74.0035","73.1380","0.44"
"Feb 17, 2021","73.6790","73.6250","74.2175","73.4230","0.15"
"Feb 18, 2021","73.8200","73.7500","74.2100","73.5047","0.19"
"Feb 19, 2021","73.9500","73.8554","74.2650","73.7825","0.18"
"Feb 20, 2021","74.0480","74.1455","74.2015","73.9035","0.13"
"Feb 22, 2021","74.2696","74.1000","75.1323","73.8745","0.30"
"Feb 23, 2021","73.9420","74.2227","74.3845","73.6950","-0.44"
"Feb 24, 2021","73.4190","74.1240","74.3495","73.3985","-0.71"
"Feb 25, 2021","74.6420","73.4955","74.8970","73.3093","1.67"
"Feb 26, 2021","74.1560","74.7150","75.0955","74.1328","-0.65"
"Mar 01, 2021","74.2260","74.7450","74.8290","73.8840","0.09"
"Mar 02, 2021","73.7050","74.2675","74.8077","73.5988","-0.70"
"Mar 03, 2021","73.9430","73.8000","74.1522","73.3925","0.32"
"Mar 04, 2021","74.5327","73.9850","74.9706","73.3284","0.80"
"Mar 05, 2021","74.1100","74.6000","74.8453","74.0960","-0.57"
"Mar 08, 2021","74.3475","74.2625","74.9000","73.8352","0.32"
"Mar 09, 2021","73.8480","74.4250","74.7558","73.7329","-0.67"
"Mar 10, 2021","73.4100","73.9488","74.2788","73.4986","-0.59"
"Mar 11, 2021","73.2810","73.6490","73.8957","73.1622","-0.18"
"Mar 12, 2021","72.9575","73.3375","73.7838","73.0956","-0.44"
"Mar 15, 2021","72.7025","73.4196","73.6136","72.7535","-0.35"
"Mar 16, 2021","72.5594","72.8075","73.1023","72.5338","-0.20"
"Mar 17, 2021","73.6800","72.7646","74.2397","72.7188","1.54"
"Mar 18, 2021","74.1525","73.6600","74.5123","73.4021","0.64"
"Mar 19, 2021","74.0710","74.2703","74.5010","73.7350","-0.11"
"Mar 22, 2021","74.6320","74.7667","75.1012","74.1197","0.76"
"Mar 23, 2021","76.3445","74.7985","76.4762","74.6608","2.29"
"Mar 24, 2021","76.5367","76.4140","77.0461","75.7035","0.25"
"Mar 25, 2021","76.0216","76.5931","76.7657","75.7360","-0.67"
"Mar 26, 2021","75.6480","76.2620","76.3851","75.5954","-0.49"
"Mar 29, 2021","75.4840","75.7490","76.1538","75.4977","-0.22"
"Mar 30, 2021","75.7223","75.6010","76.2500","75.3770","0.32"
"Mar 31, 2021","75.5910","75.8481","76.2900","75.2240","-0.17"
"Apr 01, 2021","76.2050","75.6521","76.4925","75.4473","0.81"
"Apr 02, 2021","76.4800","76.4010","76.6149","75.9225","0.36"
"Apr 05, 2021","76.3434","76.5006","76.8622","75.9919","-0.18"
"Apr 06, 2021","77.0800","76.3660","77.3964","76.1235","0.96"
"Apr 07, 2021","76.9000","77.1938","78.1128","76.8326","-0.23"
"Apr 08, 2021","76.6960","76.9755","77.4718","76.6175","-0.27"
"Apr 09, 2021","77.3500","76.8350","77.5260","76.7162","0.85"
"Apr 12, 2021","77.2520","77.4784","77.8020","77.0728","-0.13"
"Apr 13, 2021","75.9000","77.3598","77.6385","75.7938","-1.75"
"Apr 14, 2021","75.6280","75.9987","76.1426","75.4250","-0.36"
"Apr 15, 2021","76.3080","75.8900","77.5640","75.7270","0.90"
"Apr 16, 2021","75.8025","76.4579","76.7404","75.3220","-0.66"
"Apr 19, 2021","76.2710","75.8950","76.5010","75.7759","0.62"
"Apr 20, 2021","76.7640","76.3530","77.1182","75.9313","0.65"
"Apr 21, 2021","76.4550","76.9365","77.3829","76.3325","-0.40"
"Apr 22, 2021","75.2150","76.6000","76.8291","75.2240","-1.62"
"Apr 23, 2021","74.7080","75.4330","75.6408","74.6610","-0.67"
"Apr 26, 2021","74.9500","74.9500","75.4024","74.6295","0.32"
"Apr 27, 2021","74.8870","75.0202","75.3478","74.7554","-0.08"
"Apr 28, 2021","74.3246","75.0022","75.1671","74.3357","-0.75"
"Apr 29, 2021","74.4725","74.4500","74.8221","74.1834","0.20"
"Apr 30, 2021","75.1600","74.8415","75.2664","74.4337","0.92"
"May 03, 2021","74.8520","75.2990","75.8875","74.7860","-0.41"
"May 04, 2021","74.5550","74.9847","75.3710","74.6320","-0.40"
"May 05, 2021","74.7020","74.7898","75.0950","74.4844","0.20"
"May 06, 2021","74.1740","74.8021","75.0055","74.1733","-0.71"
"May 07, 2021","73.5600","74.2662","74.4259","73.5170","-0.83"
"May 10, 2021","74.2325","73.6840","74.4130","73.4775","0.91"
"May 11, 2021","73.9500","74.3050","74.5772","73.8212","-0.38"
"May 12, 2021","74.4800","74.2015","74.8113","73.9159","0.72"
"May 13, 2021","73.9800","74.6500","74.8135","73.8095","-0.67"
"May 14, 2021","73.8520","74.0860","74.1735","73.7210","-0.17"
"May 17, 2021","73.7680","74.0030","74.1986","73.7120","-0.11"
"May 18, 2021","73.5520","73.8970","74.1518","73.5430","-0.29"
"May 19, 2021","73.6973","73.6512","73.9462","73.4590","0.20"
"May 20, 2021","73.4500","73.7777","74.1288","73.4162","-0.34"
"May 21, 2021","73.5030","73.5700","73.7883","73.2877","0.07"
"May 24, 2021","73.4020","73.6500","73.9070","73.4021","-0.14"
"May 25, 2021","73.4496","73.5838","73.6918","73.1987","0.06"
"May 26, 2021","73.4390","73.5056","73.8665","73.2226","-0.01"
"May 27, 2021","73.3220","73.5865","73.7649","73.2956","-0.16"
"May 28, 2021","73.0030","73.4500","73.7805","73.0825","-0.44"
"May 31, 2021","73.2500","73.1500","73.5325","73.0435","0.34"
"Jun 01, 2021","73.4400","73.4380","73.7973","73.1099","0.26"
"Jun 02, 2021","73.0520","73.6690","73.9192","73.0750","-0.53"
"Jun 03, 2021","72.9396","73.1362","73.4273","72.9521","-0.15"
"Jun 04, 2021","72.7400","73.2362","73.4252","72.7471","-0.27"
"Jun 07, 2021","72.7283","72.9985","73.2731","72.7088","-0.02"
"Jun 08, 2021","72.2108","72.8697","73.0897","72.2410","-0.71"
"Jun 09, 2021","72.2590","72.2776","72.4586","71.9880","0.07"
"Jun 10, 2021","71.7300","72.5425","72.5940","71.6750","-0.73"
"Jun 11, 2021","71.8030","71.8238","72.3217","71.5301","0.10"
"Jun 14, 2021","71.9740","72.0984","72.3988","71.9611","0.24"
"Jun 15, 2021","72.1750","72.0230","72.3756","71.7285","0.28"
"Jun 16, 2021","72.6024","72.2525","72.7515","71.6223","0.59"
"Jun 17, 2021","72.2510","72.6600","72.7544","72.0861","-0.48"
"Jun 18, 2021","72.6880","72.2062","72.9287","72.0758","0.60"
"Jun 21, 2021","73.0020","72.8923","73.3823","72.7405","0.43"
"Jun 22, 2021","72.7700","73.1159","73.3748","72.7911","-0.32"
"Jun 23, 2021","72.4370","72.8935","73.1836","72.3350","-0.46"
"Jun 24, 2021","72.1525","72.6315","72.7883","72.1208","-0.39"
"Jun 25, 2021","72.0870","72.2845","72.5759","72.0325","-0.09"
"Jun 28, 2021","72.1040","72.2131","72.4588","72.0518","0.02"
"Jun 29, 2021","72.7060","72.2070","72.9263","72.0513","0.83"
"Jun 30, 2021","72.9750","72.7559","73.2878","72.6053","0.37"
"Jul 01, 2021","73.2969","73.0900","73.6029","72.7863","0.44"
"Jul 02, 2021","73.0900","73.4490","73.8290","73.1040","-0.28"
"Jul 05, 2021","73.3190","73.1500","73.7465","73.1219","0.31"
"Jul 06, 2021","74.3350","73.4059","74.8260","73.1450","1.39"
"Jul 07, 2021","74.4950","74.6250","74.9545","73.9400","0.22"
"Jul 08, 2021","74.5800","74.7125","75.3775","74.5290","0.11"
"Jul 09, 2021","74.3194","74.8025","74.8948","74.1713","-0.35"
"Jul 12, 2021","74.3437","74.3413","74.8232","74.1831","0.03"
"Jul 13, 2021","74.3080","74.3637","74.4848","73.8885","-0.05"
"Jul 14, 2021","74.0410","74.3360","74.5930","73.9390","-0.36"
"Jul 15, 2021","74.2183","74.0912","74.5146","73.9243","0.24"
"Jul 16, 2021","73.9920","74.4105","74.4615","73.9521","-0.30"
"Jul 19, 2021","74.5860","74.2745","74.8610","74.0550","0.80"
"Jul 20, 2021","74.2430","74.8220","74.8860","74.2670","-0.46"
"Jul 21, 2021","73.8700","74.5250","74.6673","73.8915","-0.50"
"Jul 22, 2021","73.5560","73.9585","74.1319","73.5818","-0.43"
"Jul 23, 2021","73.7110","73.7000","73.8974","73.4924","0.21"
"Jul 26, 2021","73.5825","73.7500","74.3150","73.5567","-0.17"
"Jul 27, 2021","73.7010","73.6343","73.9975","73.4967","0.16"
"Jul 28, 2021","73.3750","73.7410","73.9315","73.3845","-0.44"
"Jul 29, 2021","73.0825","73.5350","73.6105","73.0100","-0.40"
"Jul 30, 2021","73.0725","73.3015","73.4698","72.7800","-0.01"
"Aug 02, 2021","72.8250","73.1500","73.3910","72.6800","-0.34"
"Aug 03, 2021","72.9288","72.9950","73.2810","72.7820","0.14"
"Aug 04, 2021","73.0660","73.2295","73.4295","72.6697","0.19"
"Aug 05, 2021","73.0536","73.1202","73.5010","72.9417","-0.02"
"Aug 06, 2021","73.4950","73.1292","73.6755","72.9895","0.60"
"Aug 09, 2021","73.6030","73.4795","73.7493","73.3233","0.15"
"Aug 10, 2021","73.8670","73.6567","74.1050","73.4890","0.36"
"Aug 11, 2021","73.3880","73.8757","74.1999","73.3387","-0.65"
"Aug 12, 2021","73.5320","73.4250","73.7425","73.2448","0.20"
"Aug 13, 2021","73.1520","73.5130","73.7395","73.1590","-0.52"
"Aug 16, 2021","73.1400","73.3250","73.6310","73.1675","-0.02"
"Aug 17, 2021","73.4709","73.3475","73.7163","73.1698","0.45"
"Aug 18, 2021","73.4574","73.7300","74.0380","73.3345","-0.02"
"Aug 19, 2021","73.9475","73.8025","74.4650","73.6541","0.67"
"Aug 20, 2021","74.2650","74.2645","74.6963","74.0475","0.43"
"Aug 23, 2021","73.8977","74.2295","74.3208","73.9149","-0.49"
"Aug 24, 2021","73.5675","73.9630","74.2550","73.6463","-0.45"
"Aug 25, 2021","73.7550","73.6130","74.1150","73.5267","0.25"
"Aug 26, 2021","74.1160","73.8025","74.4800","73.6914","0.49"
"Aug 27, 2021","73.4470","74.2808","74.3785","73.4229","-0.90"
"Aug 30, 2021","73.4021","73.6335","73.8284","73.2549","-0.06"
"Aug 31, 2021","73.1175","73.5182","73.6175","73.1588","-0.39"
"Sep 01, 2021","72.9600","73.3413","73.5951","72.7933","-0.22"
"Sep 02, 2021","72.8320","73.0185","73.1160","72.6925","-0.18"
"Sep 03, 2021","72.7450","72.7975","73.2166","72.5368","-0.12"
"Sep 06, 2021","72.9490","72.8000","73.1090","72.6676","0.28"
"Sep 07, 2021","73.2640","73.0250","73.4438","72.8931","0.43"
"Sep 08, 2021","73.1175","73.2684","73.7149","73.1076","-0.20"
"Sep 09, 2021","72.9500","73.2324","73.4582","72.8208","-0.23"
"Sep 10, 2021","73.0830","72.9038","73.2505","72.6601","0.18"
"Sep 13, 2021","72.5150","73.1650","73.3400","72.5655","-0.78"
"Sep 14, 2021","72.9080","72.5906","73.1190","72.4418","0.54"
"Sep 15, 2021","72.1675","72.8569","73.4154","72.2088","-1.02"
"Sep 16, 2021","72.1909","72.2875","72.7042","72.1975","0.03"
"Sep 17, 2021","72.8000","72.4013","72.9812","72.3579","0.84"
"Sep 20, 2021","73.3044","72.9125","73.6585","72.7559","0.69"
"Sep 21, 2021","73.0650","73.3833","73.6205","72.9365","-0.33"
"Sep 22, 2021","72.8600","73.2228","73.3369","72.6000","-0.28"
"Sep 23, 2021","72.7191","73.0250","73.1182","72.5600","-0.19"
"Sep 24, 2021","72.5975","72.7224","73.1147","72.6002","-0.17"
"Sep 27, 2021","72.5583","72.7000","72.9586","72.4354","-0.05"
"Sep 28, 2021","72.7105","72.6952","73.0758","72.3500","0.21"
"Sep 29, 2021","72.8360","72.7775","73.0505","72.5877","0.17"
"Sep 30, 2021","72.5775","72.8835","73.0535","72.5813","-0.35"
"Oct 01, 2021","72.5775","72.6517","73.2912","72.5290","0.00"
"Oct 04, 2021","72.3000","72.7000","73.0323","72.3550","-0.38"
"Oct 05, 2021","72.2350","72.4655","72.7370","72.2498","-0.09"
"Oct 06, 2021","72.3650","72.2332","72.7700","72.1960","0.18"
"Oct 07, 2021","71.6975","72.3788","72.5945","71.6564","-0.92"
"Oct 08, 2021","71.7760","71.7266","72.1043","71.5856","0.11"
"Oct 11, 2021","71.5940","71.7825","71.9975","71.5525","-0.25"
"Oct 12, 2021","71.6980","71.9017","72.0405","71.6820","0.15"
"Oct 13, 2021","71.9190","71.8030","72.1808","71.6523","0.31"
"Oct 14, 2021","71.2850","72.0300","72.1763","71.2875","-0.88"
"Oct 15, 2021","70.8290","71.4690","71.5785","70.8655","-0.64"
"Oct 18, 2021","71.1200","71.0535","71.4473","70.8810","0.41"
"Oct 19, 2021","70.7800","71.3300","71.4077","70.7875","-0.48"
"Oct 20, 2021","70.6300","70.8430","71.1750","70.6920","-0.21"
"Oct 21, 2021","71.0200","70.8100","71.4050","70.5865","0.55"
"Oct 22, 2021","70.2950","71.1550","71.3014","69.8360","-1.02"
"Oct 25, 2021","69.7320","70.3330","70.5863","69.6968","-0.80"
"Oct 26, 2021","69.3222","69.7953","70.0170","69.2220","-0.59"
"Oct 27, 2021","70.5842","69.3355","70.7290","69.2600","1.82"
"Oct 28, 2021","70.0625","70.6125","70.9140","70.0550","-0.74"
"Oct 29, 2021","70.8625","70.3075","71.0323","70.0808","1.14"
"Nov 01, 2021","71.4175","70.9765","71.7135","70.4255","0.78"
"Nov 02, 2021","71.3625","71.5925","72.0043","71.3220","-0.08"
"Nov 03, 2021","71.6680","71.4520","72.2634","71.2615","0.43"
"Nov 04, 2021","71.3025","71.7500","72.0500","71.1925","-0.51"
"Nov 05, 2021","71.0145","71.4000","71.9688","71.0288","-0.40"
"Nov 08, 2021","71.2370","71.1955","71.5274","70.9620","0.31"
"Nov 09, 2021","70.5390","71.3037","71.4339","70.6005","-0.98"
"Nov 10, 2021","71.1500","70.7500","71.5320","70.5143","0.87"
"Nov 11, 2021","71.4025","71.2540","71.7904","70.9683","0.35"
"Nov 12, 2021","72.7480","71.5680","73.2795","71.4041","1.88"
"Nov 15, 2021","72.3800","72.8086","72.9435","72.0080","-0.51"
"Nov 16, 2021","72.9410","72.4190","73.4985","72.2640","0.78"
"Nov 17, 2021","72.3247","73.0545","73.3781","72.3255","-0.84"
"Nov 18, 2021","73.0080","72.6050","73.3675","72.3695","0.94"
"Nov 19, 2021","73.2150","73.1100","73.7460","72.6795","0.28"
"Nov 22, 2021","74.8240","73.6255","75.1184","73.1425","2.20"
"Nov 23, 2021","74.2640","74.9670","75.2856","74.0501","-0.75"
"Nov 24, 2021","74.7740","74.2650","75.1127","74.0552","0.69"
"Nov 25, 2021","74.5260","74.9490","75.0728","74.4370","-0.33"
"Nov 26, 2021","75.2750","74.5833","75.9043","74.4815","1.01"
"Nov 29, 2021","74.2570","75.5625","75.6211","74.2435","-1.35"
"Nov 30, 2021","73.8449","74.5725","75.3550","73.9110","-0.55"
"Dec 01, 2021","74.2270","73.9899","74.4410","73.6833","0.52"
"Dec 02, 2021","73.5330","74.2650","74.4415","73.5150","-0.93"
"Dec 03, 2021","73.6900","73.6530","74.1170","73.3050","0.21"
"Dec 06, 2021","74.0220","73.9385","74.5437","73.4714","0.45"
"Dec 07, 2021","73.8530","74.2435","74.5673","73.8091","-0.23"
"Dec 08, 2021","73.3575","73.9970","74.1525","73.4355","-0.67"
"Dec 09, 2021","73.3450","73.5945","73.9135","73.3755","-0.02"
"Dec 10, 2021","73.2100","73.6588","73.8741","73.2415","-0.18"
"Dec 13, 2021","73.3890","73.3834","73.7257","73.2055","0.24"
"Dec 14, 2021","73.7290","73.4458","73.9189","73.2912","0.46"
"Dec 15, 2021","73.4990","73.7700","74.3768","73.5880","-0.31"
"Dec 16, 2021","73.6600","73.6040","74.0148","73.3570","0.22"
"Dec 17, 2021","74.0279","73.8455","74.2903","73.4965","0.50"
"Dec 20, 2021","74.0650","74.0813","74.5353","73.9594","0.05"
"Dec 21, 2021","73.8930","74.2730","74.3140","73.7230","-0.23"
"Dec 22, 2021","73.4860","74.0106","74.3410","73.5445","-0.55"
"Dec 23, 2021","73.2622","73.6737","73.7882","73.1865","-0.30"
"Dec 24, 2021","73.6125","73.4316","73.7555","73.0948","0.48"
"Dec 27, 2021","73.1495","73.2660","73.7426","73.0742","-0.63"
"Dec 28, 2021","73.5528","73.3583","73.8943","73.2287","0.55"
"Dec 29, 2021","73.6419","73.6005","74.2460","73.4649","0.12"
"Dec 30, 2021","74.4817","74.0410","75.1490","73.8507","1.14"
"Dec 31, 2021","74.5607","74.6500","75.4482","74.4169","0.11"
"Jan 03, 2022","74.1650","74.6984","75.3294","74.1691","-0.53"
"Jan 04, 2022","75.2450","74.4160","75.5853","74.2795","1.46"
"Jan 05, 2022","76.7000","75.2988","76.9012","75.1870","1.93"
"Jan 06, 2022","76.2168","76.7538","77.3400","76.0185","-0.63"
"Jan 07, 2022","75.4224","76.2875","76.5895","75.0937","-1.04"
"Jan 10, 2022","74.7500","75.6700","75.9231","74.7764","-0.89"
"Jan 11, 2022","74.2320","74.9660","75.2349","74.2676","-0.69"
"Jan 12, 2022","74.4110","74.4055","74.9074","74.2578","0.24"
"Jan 13, 2022","76.3194","74.5980","76.7003","74.3490","2.56"
"Jan 14, 2022","76.1738","76.4762","76.9850","75.5954","-0.19"
"Jan 17, 2022","76.0430","76.2585","76.7990","75.6230","-0.17"
"Jan 18, 2022","76.8879","76.1956","77.1393","75.7662","1.11"
"Jan 19, 2022","76.0550","77.0255","77.2425","75.8370","-1.08"
"Jan 20, 2022","76.6975","76.1405","76.8940","75.9330","0.84"
"Jan 21, 2022","77.3856","76.6579","77.8332","76.2825","0.90"
"Jan 24, 2022","78.5630","77.4885","79.5085","76.9648","1.52"
"Jan 25, 2022","78.5027","78.6505","79.3450","78.2396","-0.08"
"Jan 26, 2022","79.0468","78.7160","80.3835","78.4902","0.69"
"Jan 27, 2022","77.8693","79.1650","79.7598","77.3736","-1.49"
"Jan 28, 2022","78.0765","77.9879","78.4825","77.3880","0.27"
"Jan 31, 2022","77.2480","77.9060","78.1035","77.1102","-1.06"
"Feb 01, 2022","76.7250","77.3320","77.7611","76.3868","-0.68"
"Feb 02, 2022","76.0230","76.9060","76.9312","75.6875","-0.91"
"Feb 03, 2022","75.9442","76.0705","76.8193","75.9719","-0.10"
"Feb 04, 2022","75.5836","76.4545","76.6050","75.6214","-0.47"
"Feb 07, 2022","75.2760","76.0285","76.1891","75.3161","-0.41"
"Feb 08, 2022","74.9695","75.3119","75.7678","74.9599","-0.41"
"Feb 09, 2022","74.6447","75.0450","75.2802","74.4767","-0.43"
"Feb 10, 2022","74.9050","74.6926","75.2031","74.2600","0.35"
"Feb 11, 2022","77.0753","74.9540","77.6523","74.7980","2.90"
"Feb 14, 2022","76.2131","77.4355","78.1715","75.9775","-1.12"
"Feb 15, 2022","75.1850","76.4905","76.8358","75.1183","-1.35"
"Feb 16, 2022","74.9780","75.5065","75.6192","74.8392","-0.28"
"Feb 17, 2022","76.0593","75.1800","76.7333","74.9427","1.44"
"Feb 18, 2022","77.1640","76.1636","77.5245","75.6335","1.45"
"Feb 21, 2022","80.0170","77.9465","80.3438","76.1359","3.70"
"Feb 22, 2022","78.5987","80.1485","80.9408","78.4972","-1.77"
"Feb 23, 2022","81.1480","78.8300","81.8605","78.5456","3.24"
"Feb 24, 2022","84.0475","81.1600","90.1896","80.5225","3.57"
"Feb 25, 2022","83.8963","84.4255","86.6723","81.2302","-0.18"
"Feb 28, 2022","101.0400","107.6462","115.4163","92.9310","20.43"
"Mar 01, 2022","105.0430","102.2500","118.5235","89.3985","3.96"
"Mar 02, 2022","97.6000","108.5000","115.5500","95.4750","-7.09"
"Mar 03, 2022","108.3950","102.7500","118.6885","96.5175","11.06"
"Mar 04, 2022","121.0370","109.7500","128.0165","99.9200","11.66"
"Mar 07, 2022","135.5000","120.0000","158.3000","125.5000","11.95"
"Mar 08, 2022","120.0000","129.5000","141.5000","121.0000","-11.44"
"Mar 09, 2022","130.0000","130.0000","139.2500","115.5485","8.33"
"Mar 10, 2022","126.0000","135.5000","140.2500","115.5130","-3.08"
"Mar 11, 2022","126.5000","132.0000","137.0000","112.8500","0.40"
"Mar 14, 2022","114.5000","132.5500","134.1613","109.9640","-9.49"
"Mar 15, 2022","99.0000","120.0000","123.0000","100.8750","-13.54"
"Mar 16, 2022","90.5000","105.5000","117.0000","96.0000","-8.59"
"Mar 17, 2022","95.2500","96.5000","109.3125","94.3750","5.25"
"Mar 18, 2022","99.0000","104.0000","113.1250","97.8125","3.94"
"Mar 21, 2022","99.1500","101.1000","115.7550","98.8015","0.15"
"Mar 22, 2022","98.5500","104.0500","112.1750","100.5000","-0.61"
"Mar 23, 2022","89.2500","105.0500","109.5000","92.4750","-9.44"
"Mar 24, 2022","94.7500","97.5000","105.7500","92.4500","6.16"
"Mar 25, 2022","96.5000","102.2500","106.9350","94.5990","1.85"
"Mar 28, 2022","87.5000","105.7500","106.4500","91.5000","-9.33"
"Mar 29, 2022","80.0000","98.0000","99.8125","81.8750","-8.57"
"Mar 30, 2022","76.0000","86.5000","92.7500","79.2500","-5.00"
"Mar 31, 2022","79.2500","83.5000","85.3750","79.5250","4.28"
"Apr 01, 2022","83.2500","81.0000","89.8940","81.0000","5.05"
"Apr 04, 2022","81.4950","80.0000","89.7500","79.5500","-2.11"
"Apr 05, 2022","81.7500","83.4950","86.2975","82.0185","0.31"
"Apr 06, 2022","80.0000","84.0000","85.7435","80.7330","-2.14"
"Apr 07, 2022","76.7500","84.0000","84.2665","76.9070","-4.06"
"Apr 08, 2022","77.7500","78.0000","81.7985","75.1910","1.30"
"Apr 11, 2022","81.0000","79.0000","86.6865","78.1250","4.18"
"Apr 12, 2022","82.8750","82.5250","86.9485","79.3900","2.31"
"Apr 13, 2022","80.0000","85.3030","85.8880","79.5250","-3.47"
"Apr 14, 2022","80.1250","82.4500","84.6825","80.3938","0.16"
"Apr 15, 2022","78.2500","82.7500","83.5085","79.7875","-2.34"
"Apr 18, 2022","78.6250","83.2488","84.5000","78.7250","0.48"
"Apr 19, 2022","78.2500","81.2835","82.5060","77.9370","-0.48"
"Apr 20, 2022","79.7500","80.6250","85.8120","78.0200","1.92"
"Apr 21, 2022","78.3750","82.7500","84.3330","75.0300","-1.72"
"Apr 22, 2022","74.8750","80.0550","81.5615","74.8605","-4.47"
"Apr 25, 2022","72.5250","77.3500","80.7500","72.2580","-3.14"
"Apr 26, 2022","73.1250","75.1500","76.6375","71.9145","0.83"
"Apr 27, 2022","71.2500","74.2500","77.3760","71.7625","-2.56"
"Apr 28, 2022","70.2500","73.8750","76.2625","70.1540","-1.40"
"Apr 29, 2022","70.2000","72.5660","74.2585","68.7138","-0.07"
"May 02, 2022","68.1750","73.3500","74.0075","69.4560","-2.88"
"May 03, 2022","65.7500","70.6000","72.4515","65.2075","-3.56"
"May 04, 2022","63.6250","67.2500","69.3630","63.9065","-3.23"
"May 05, 2022","62.5000","68.0000","68.4500","62.6250","-1.77"
"May 06, 2022","66.5000","65.2500","70.1250","63.3755","6.40"
"May 09, 2022","67.5000","69.5000","72.8780","67.0000","1.50"
"May 10, 2022","67.6250","70.1250","71.5455","67.0055","0.19"
"May 11, 2022","64.2500","69.8750","70.9105","65.0965","-4.99"
"May 12, 2022","62.2500","66.7500","68.4375","62.7575","-3.11"
"May 13, 2022","64.0000","64.3750","67.5000","61.8925","2.81"
"May 16, 2022","62.1250","64.9995","67.0145","62.2320","-2.93"
"May 17, 2022","62.8750","63.5000","66.9365","61.9875","1.21"
"May 18, 2022","62.2500","65.5000","66.8990","61.4250","-0.99"
"May 19, 2022","62.1000","64.1250","66.0495","60.1865","-0.24"
"May 20, 2022","59.5000","62.1250","64.8775","57.3544","-4.19"
"May 23, 2022","56.0750","63.0000","63.0165","56.1080","-5.76"
"May 24, 2022","55.5000","59.0250","60.0285","54.4745","-1.03"
"May 25, 2022","57.8500","56.5250","61.0415","53.7725","4.23"
"May 26, 2022","62.1750","59.6000","65.6665","56.7750","7.48"
"May 27, 2022","64.0000","64.9250","69.5165","62.7125","2.94"
"May 30, 2022","61.5000","66.5250","69.1030","60.3085","-3.91"
"May 31, 2022","60.2500","63.8750","65.2530","60.0125","-2.03"
"Jun 01, 2022","61.0000","61.2250","65.8840","60.4375","1.24"
"Jun 02, 2022","60.8750","64.5000","67.4790","60.3500","-0.20"
"Jun 03, 2022","60.8600","63.5000","65.3915","59.9000","-0.02"
"Jun 06, 2022","59.1250","63.5000","64.4090","59.0500","-2.85"
"Jun 07, 2022","59.2500","61.3750","63.3805","59.3125","0.21"
"Jun 08, 2022","58.0000","62.5000","63.3130","58.3955","-2.11"
"Jun 09, 2022","55.2500","60.9900","61.7488","54.8745","-4.74"
"Jun 10, 2022","55.7500","58.7250","60.6375","55.7125","0.90"
"Jun 13, 2022","55.0100","58.2488","61.8185","54.6545","-1.33"
"Jun 14, 2022","56.0000","57.7600","60.3185","55.2750","1.80"
"Jun 15, 2022","53.0000","58.9500","60.1880","54.6260","-5.36"
"Jun 16, 2022","54.8750","57.2500","60.1750","55.1250","3.54"
"Jun 17, 2022","54.0000","58.5000","59.2750","54.5955","-1.59"
"Jun 20, 2022","53.0000","58.5000","58.9060","53.9965","-1.85"
"Jun 21, 2022","51.3750","54.7500","61.8750","51.9000","-3.07"
"Jun 22, 2022","52.2500","53.8500","55.7600","51.4675","1.70"
"Jun 23, 2022","52.0000","55.0000","56.3940","52.0750","-0.48"
"Jun 24, 2022","50.9000","54.0038","57.2425","51.8850","-2.12"
"Jun 27, 2022","53.1000","53.0250","56.5455","52.0875","4.32"
"Jun 28, 2022","51.2500","53.1250","56.4005","51.4750","-3.48"
"Jun 29, 2022","50.0000","54.5000","56.7760","49.1500","-2.44"
"Jun 30, 2022","52.5000","52.0000","56.1680","50.7750","5.00"
"Jul 01, 2022","51.5000","54.8750","59.0000","51.4500","-1.90"
"Jul 04, 2022","53.5000","54.0250","61.1035","53.5250","3.88"
"Jul 05, 2022","60.0000","57.0000","68.4105","53.5250","12.15"
"Jul 06, 2022","62.5000","60.0000","69.3750","60.0000","4.17"
"Jul 07, 2022","63.0500","63.5500","65.8430","61.2135","0.88"
"Jul 08, 2022","62.4000","63.0750","67.3930","60.0165","-1.03"
"Jul 11, 2022","62.0000","66.5000","66.5125","58.8038","-0.64"
"Jul 12, 2022","58.4000","59.2250","66.7120","57.3750","-5.81"
"Jul 13, 2022","58.4500","58.4250","63.3825","57.1500","0.09"
"Jul 14, 2022","58.2500","58.4750","61.6265","57.0250","-0.34"
"Jul 15, 2022","54.5000","58.2750","61.2360","55.5500","-6.44"
"Jul 18, 2022","54.5000","57.2250","61.5535","54.2865","0.00"
"Jul 19, 2022","54.0000","57.7500","58.6335","54.1500","-0.92"
"Jul 20, 2022","53.5000","55.0250","57.6355","53.3250","-0.93"
"Jul 21, 2022","54.0000","55.1250","59.9000","53.6750","0.93"
"Jul 22, 2022","55.6250","59.5000","60.4795","53.5515","3.01"
"Jul 25, 2022","56.0000","58.0000","60.7040","55.7810","0.67"
"Jul 26, 2022","57.6250","57.7250","62.1375","56.1250","2.90"
"Jul 27, 2022","59.3500","60.5250","62.8000","58.5750","2.99"
"Jul 28, 2022","60.0000","59.3750","63.3120","58.4375","1.10"
"Jul 29, 2022","59.7500","60.4750","64.9500","59.8750","-0.42"
"Aug 01, 2022","59.5000","61.3250","65.1590","59.5080","-0.42"
"Aug 02, 2022","58.2500","61.5000","64.7500","58.4250","-2.10"
"Aug 03, 2022","58.7500","62.0000","63.6935","58.3625","0.86"
"Aug 04, 2022","59.5000","62.0000","63.1790","59.0500","1.28"
"Aug 05, 2022","60.5000","61.8500","62.6355","58.9500","1.68"
"Aug 08, 2022","59.3750","60.6250","63.0465","58.3250","-1.86"
"Aug 09, 2022","60.4500","60.2750","64.7195","59.0250","1.81"
"Aug 10, 2022","59.1250","60.4750","62.8995","59.1125","-2.19"
"Aug 11, 2022","60.6000","61.5500","62.8195","59.0875","2.49"
"Aug 12, 2022","60.5000","60.6250","62.6595","59.7750","-0.17"
"Aug 15, 2022","60.5000","60.9750","62.5750","60.3250","0.00"
"Aug 16, 2022","60.5000","61.3250","62.4055","60.0000","0.00"
"Aug 17, 2022","59.5000","61.3250","62.2385","58.8125","-1.65"
"Aug 18, 2022","59.0000","60.2750","61.4855","59.0250","-0.84"
"Aug 19, 2022","58.5000","59.4250","60.8305","58.1875","-0.85"
"Aug 22, 2022","59.1250","58.9750","61.8840","57.1375","1.07"
"Aug 23, 2022","59.2500","59.5750","61.2095","58.4505","0.21"
"Aug 24, 2022","59.8000","64.0000","64.2285","59.3750","0.93"
"Aug 25, 2022","59.3750","59.8250","61.3820","59.1505","-0.71"
"Aug 26, 2022","59.3000","64.0750","64.3640","58.5965","-0.13"
"Aug 29, 2022","60.5000","60.5605","65.6005","59.7365","2.02"
"Aug 30, 2022","59.0000","61.7495","62.1500","59.8335","-2.48"
"Aug 31, 2022","59.0000","59.9750","61.8735","59.3125","0.00"
"Sep 01, 2022","59.2500","60.1250","61.4540","58.6790","0.42"
"Sep 02, 2022","60.2500","60.2100","61.8925","59.4390","1.69"
"Sep 05, 2022","60.0100","60.2100","63.8790","58.8050","-0.40"
"Sep 06, 2022","60.2750","60.5250","63.0655","60.2250","0.44"
"Sep 07, 2022","59.8000","61.5000","64.7250","59.5890","-0.79"
"Sep 08, 2022","60.5000","64.4000","64.6000","60.1875","1.17"
"Sep 09, 2022","60.5000","60.7250","61.6495","59.6500","0.00"
"Sep 12, 2022","59.6250","60.0700","62.6350","59.1215","-1.45"
"Sep 13, 2022","58.5000","60.0700","64.4955","58.3460","-1.89"
"Sep 14, 2022","59.7000","64.7500","65.0800","59.0290","2.05"
"Sep 15, 2022","59.6000","59.7250","65.6850","58.3105","-0.17"
"Sep 16, 2022","59.5000","59.6250","64.3700","59.2750","-0.17"
"Sep 19, 2022","60.0500","64.3700","64.3700","59.1500","0.92"
"Sep 20, 2022","60.4000","60.0750","62.4635","59.3750","0.58"
"Sep 21, 2022","60.1000","64.4000","65.2250","60.0750","-0.50"
"Sep 22, 2022","58.9000","61.6000","61.8500","58.7750","-2.00"
"Sep 23, 2022","56.8750","61.5000","61.5000","56.4070","-3.44"
"Sep 26, 2022","57.5000","58.5000","61.0000","56.6750","1.10"
"Sep 27, 2022","57.9000","57.8250","61.7505","56.3830","0.70"
"Sep 28, 2022","56.9000","58.4250","59.8220","56.8820","-1.73"
"Sep 29, 2022","56.0000","57.6250","61.9815","55.4470","-1.58"
"Sep 30, 2022","59.2000","57.2750","61.9865","56.2750","5.71"
"Oct 03, 2022","58.0000","61.9350","62.1265","57.0125","-2.03"
"Oct 04, 2022","59.0000","58.0250","60.7450","57.9000","1.72"
"Oct 05, 2022","59.7500","59.0250","61.4690","57.8150","1.27"
"Oct 06, 2022","60.5000","60.2250","62.7060","58.6985","1.26"
"Oct 07, 2022","60.7000","60.5250","63.9870","59.6625","0.33"
"Oct 10, 2022","62.8100","64.3700","64.3700","60.6250","3.48"
"Oct 11, 2022","64.5000","62.0000","66.1350","61.4810","2.69"
"Oct 12, 2022","63.7000","63.6250","67.0635","62.6250","-1.24"
"Oct 13, 2022","63.0000","63.7250","66.6390","62.3920","-1.10"
"Oct 14, 2022","61.6500","64.7000","65.5460","61.2545","-2.14"
"Oct 17, 2022","61.0500","62.0750","64.1440","60.7500","-0.97"
"Oct 18, 2022","60.5000","61.6750","62.8415","61.0500","-0.90"
"Oct 19, 2022","60.0000","61.5750","63.0000","60.8000","-0.83"
"Oct 20, 2022","60.6500","64.5000","67.9505","59.8060","1.08"
"Oct 21, 2022","60.6500","61.4250","62.2625","60.7250","0.00"
"Oct 24, 2022","61.0000","61.3140","62.6585","60.8335","0.58"
"Oct 25, 2022","61.0000","61.2500","62.6740","60.9335","0.00"
"Oct 26, 2022","61.2500","62.2500","62.5585","60.8125","0.41"
"Oct 27, 2022","61.3000","61.2750","63.0370","59.9880","0.08"
"Oct 28, 2022","61.5000","61.3250","62.7360","60.8625","0.33"
"Oct 31, 2022","61.0500","61.5250","62.7115","60.5625","-0.73"
"Nov 01, 2022","60.7500","61.3750","62.4750","60.0420","-0.49"
"Nov 02, 2022","60.0000","63.3750","63.6780","60.7000","-1.23"
"Nov 03, 2022","61.3500","61.5750","63.1735","60.6000","2.25"
"Nov 04, 2022","61.0000","61.9250","62.8790","61.3000","-0.57"
"Nov 07, 2022","60.4000","62.0250","66.3865","59.9020","-0.98"
"Nov 08, 2022","60.9500","63.2000","63.7500","59.9270","0.91"
"Nov 09, 2022","60.0000","60.9750","62.1255","60.2500","-1.56"
"Nov 10, 2022","59.6250","61.6500","62.4500","60.1440","-0.63"
"Nov 11, 2022","59.5500","60.7500","61.3625","59.5175","-0.13"
"Nov 14, 2022","60.3750","59.5700","61.5925","59.4350","1.39"
"Nov 15, 2022","59.5000","59.5700","61.5610","59.4000","-1.45"
"Nov 16, 2022","59.7750","61.6500","61.7250","59.7450","0.46"
"Nov 17, 2022","59.4750","60.3000","61.2650","59.6880","-0.50"
"Nov 18, 2022","59.8500","60.4000","61.6525","59.7460","0.63"
"Nov 21, 2022","60.2500","60.0700","61.7850","59.7250","0.67"
"Nov 22, 2022","60.6500","60.6600","61.7000","60.0470","0.66"
"Nov 23, 2022","59.8000","60.6650","61.3125","59.9575","-1.40"
"Nov 24, 2022","60.3500","60.0700","61.9740","59.2090","0.92"
"Nov 25, 2022","59.5000","60.3650","61.8970","59.7280","-1.41"
"Nov 28, 2022","60.8500","60.0700","61.9910","59.7850","2.27"
"Nov 29, 2022","60.8300","60.9600","61.9250","60.2170","-0.03"
"Nov 30, 2022","60.5000","60.8450","61.7900","60.1270","-0.54"
"Dec 01, 2022","61.2000","61.0250","62.4725","60.1900","1.16"
"Dec 02, 2022","61.5000","61.2150","62.7750","60.3900","0.49"
"Dec 05, 2022","61.5750","60.5500","62.9250","60.2900","0.12"
"Dec 06, 2022","62.4000","60.5500","63.8820","60.5500","1.34"
"Dec 07, 2022","61.0000","60.5500","64.1875","60.4625","-2.24"
"Dec 08, 2022","62.4000","62.8650","63.7000","60.5500","2.30"
"Dec 09, 2022","62.5000","62.0700","63.5245","61.6500","0.16"
"Dec 12, 2022","62.2500","62.4150","63.6165","61.7500","-0.40"
"Dec 13, 2022","63.2000","62.6600","64.0055","62.2825","1.53"
"Dec 14, 2022","63.7500","63.2150","65.3720","62.6025","0.87"
"Dec 15, 2022","63.6500","63.4150","65.9355","62.2150","-0.16"
"Dec 16, 2022","63.8750","64.8535","66.5460","62.6865","0.35"
"Dec 19, 2022","66.0000","64.2650","69.4375","64.2000","3.33"
"Dec 20, 2022","69.2500","69.7500","72.0875","66.4680","4.92"
"Dec 21, 2022","71.4250","71.7500","73.2375","68.6650","3.14"
"Dec 22, 2022","67.0000","73.2500","73.8360","68.0770","-6.20"
"Dec 23, 2022","69.2500","68.9150","71.3000","66.8525","3.36"
"Dec 26, 2022","68.3500","69.9150","70.8250","67.6400","-1.30"
"Dec 27, 2022","69.0000","68.3650","71.3075","68.3150","0.95"
"Dec 28, 2022","71.7500","70.2650","73.2095","69.8900","3.99"
"Dec 29, 2022","72.0000","71.3650","74.7545","70.6900","0.35"
"Dec 30, 2022","72.5000","74.0000","75.5000","69.6315","0.69"
"Jan 02, 2023","70.9955","76.0000","80.4978","69.6898","-2.08"
"Jan 03, 2023","72.3455","70.0000","74.2142","69.5023","1.90"
"Jan 04, 2023","71.5000","73.0500","73.8965","70.0098","-1.17"
"Jan 05, 2023","71.1500","72.5000","73.3960","70.7598","-0.49"
"Jan 06, 2023","72.4955","72.1500","73.5830","71.1598","1.89"
"Jan 09, 2023","69.9000","71.8150","72.5780","68.7980","-3.58"
"Jan 10, 2023","69.6705","69.9150","70.3309","68.2523","-0.33"
"Jan 11, 2023","68.2955","69.2250","70.5303","67.2898","-1.97"
"Jan 12, 2023","67.7700","70.3000","71.2978","66.8483","-0.77"
"Jan 13, 2023","65.0000","67.7850","69.7728","66.0000","-4.09"
"Jan 16, 2023","68.7455","68.7150","69.8370","66.0000","5.76"
"Jan 17, 2023","68.4955","68.5000","69.8578","67.8348","-0.36"
"Jan 18, 2023","68.8505","69.6250","70.0803","67.7865","0.52"
"Jan 19, 2023","69.3955","68.7500","70.4478","68.0597","0.79"
"Jan 20, 2023","68.2455","68.8000","69.8978","66.7273","-1.66"
"Jan 23, 2023","68.9705","68.5000","70.4945","67.2163","1.06"
"Jan 24, 2023","69.4455","69.8750","70.4353","68.0010","0.69"
"Jan 25, 2023","69.2255","69.2300","70.0977","68.2473","-0.32"
"Jan 26, 2023","69.6505","69.4750","70.2244","68.4693","0.61"
"Jan 27, 2023","69.5550","69.5000","70.9228","68.7098","-0.14"
"Jan 30, 2023","69.9000","69.5000","70.7200","68.8379","0.50"
"Jan 31, 2023","70.5700","69.9150","73.4381","68.9900","0.96"
"Feb 01, 2023","69.8805","70.5850","71.1703","68.7898","-0.98"
"Feb 02, 2023","70.0500","70.1600","73.4381","68.8780","0.24"
"Feb 03, 2023","70.6455","70.0650","72.8353","69.5400","0.85"
"Feb 06, 2023","71.4955","71.9250","73.1478","68.8520","1.20"
"Feb 07, 2023","71.7805","71.1150","73.6693","69.8553","0.40"
"Feb 08, 2023","72.4955","72.6350","74.0603","68.5523","1.00"
"Feb 09, 2023","73.0505","72.0500","73.9940","71.3150","0.77"
"Feb 10, 2023","73.1055","72.8750","74.5658","72.0613","0.08"
"Feb 13, 2023","73.1955","72.9350","74.8477","72.2223","0.12"
"Feb 14, 2023","73.5955","73.6750","74.7085","72.4145","0.55"
"Feb 15, 2023","73.9955","73.8150","76.3228","72.8023","0.54"
"Feb 16, 2023","74.7000","74.3150","75.6170","73.6873","0.95"
"Feb 17, 2023","73.9955","74.7150","75.8553","72.9773","-0.94"
"Feb 20, 2023","72.7500","73.6500","76.7478","72.9187","-1.68"
"Feb 21, 2023","74.9205","73.7500","76.4005","72.5023","2.98"
"Feb 22, 2023","75.4355","74.6500","76.2328","73.6478","0.69"
"Feb 23, 2023","75.7205","74.9000","76.3428","74.4023","0.38"
"Feb 24, 2023","76.0000","75.4000","77.0847","74.4023","0.37"
"Feb 27, 2023","74.9205","76.0150","76.8680","74.0913","-1.42"
"Feb 28, 2023","75.0455","74.6500","75.9048","73.6785","0.17"
"Mar 01, 2023","75.2500","75.0500","75.9738","74.3883","0.27"
"Mar 02, 2023","74.5250","75.2650","76.3003","74.5563","-0.96"
"Mar 03, 2023","74.4000","75.5250","76.1978","74.3185","-0.17"
"Mar 06, 2023","75.5705","75.5650","76.2428","74.7618","1.57"
"Mar 07, 2023","75.5955","75.4000","76.4670","74.3125","0.03"
"Mar 08, 2023","76.0455","75.8500","76.9708","75.3523","0.60"
"Mar 09, 2023","75.8455","76.0100","76.9150","75.1903","-0.26"
"Mar 10, 2023","76.1955","75.4600","77.5993","74.4743","0.46"
"Mar 13, 2023","75.5455","76.2000","76.9228","72.2638","-0.85"
"Mar 14, 2023","75.7455","76.0100","76.5027","74.5573","0.26"
"Mar 15, 2023","76.5455","75.2800","77.0478","74.8323","1.06"
"Mar 16, 2023","77.5455","76.1000","78.1228","75.4075","1.31"
"Mar 17, 2023","76.9555","76.8000","77.9168","75.7788","-0.76"
"Mar 20, 2023","76.2500","76.9600","78.1528","76.0640","-0.92"
"Mar 21, 2023","77.2455","77.2500","77.9978","76.1773","1.31"
"Mar 22, 2023","77.0405","77.2485","77.9978","76.3193","-0.27"
"Mar 23, 2023","75.9955","76.9550","77.5575","75.4035","-1.36"
"Mar 24, 2023","77.2755","75.2150","77.7978","75.1025","1.68"
"Mar 27, 2023","76.5200","77.0150","77.6600","75.4598","-0.98"
"Mar 28, 2023","76.5500","76.5350","77.6500","75.8400","0.04"
"Mar 29, 2023","76.3250","76.5600","78.0183","76.2100","-0.29"
"Mar 30, 2023","77.2705","77.3250","77.8728","75.9133","1.24"
"Mar 31, 2023","77.9955","77.1100","80.6825","76.5675","0.94"
"Apr 03, 2023","77.6500","77.7100","79.2720","76.8185","-0.44"
"Apr 04, 2023","79.2955","78.6500","80.8605","78.2082","2.12"
"Apr 05, 2023","80.1955","79.5100","81.2918","78.7350","1.13"
"Apr 06, 2023","80.2000","80.5000","82.2495","79.3425","0.01"
"Apr 07, 2023","80.1000","81.2000","83.6750","80.6523","-0.12"
"Apr 10, 2023","81.6500","81.0100","82.8375","80.5600","1.94"
"Apr 11, 2023","81.0955","81.6600","83.1245","80.6023","-0.68"
"Apr 12, 2023","81.2200","81.6000","83.1160","81.1023","0.15"
"Apr 13, 2023","81.6955","82.2200","82.8828","80.5525","0.59"
"Apr 14, 2023","80.5500","81.6100","82.7728","80.8600","-1.40"
"Apr 17, 2023","81.8930","81.5100","83.0195","80.7573","1.67"
"Apr 18, 2023","81.8255","82.0500","82.6233","80.2215","-0.08"
"Apr 19, 2023","81.6955","81.8000","82.7758","80.4330","-0.16"
"Apr 20, 2023","80.8000","81.6100","82.4405","80.6655","-1.10"
"Apr 21, 2023","80.4500","81.5600","82.9065","80.7893","-0.43"
"Apr 24, 2023","80.4950","81.7100","84.5100","80.4822","0.06"
"Apr 25, 2023","80.7000","81.4950","82.3160","80.3523","0.25"
"Apr 26, 2023","82.1205","81.6100","83.6885","80.9307","1.76"
"Apr 27, 2023","81.5955","81.8000","82.5778","80.7340","-0.64"
"Apr 28, 2023","79.4500","81.8500","82.3477","78.4023","-2.63"
"May 01, 2023","79.7000","80.2130","80.7000","78.8015","0.31"
"May 02, 2023","80.1055","80.4600","80.9673","78.8978","0.51"
"May 03, 2023","78.5000","79.9100","80.4528","77.6273","-2.00"
"May 04, 2023","78.4955","79.5000","80.0983","76.7990","-0.01"
"May 05, 2023","77.8055","78.6500","79.1478","75.6023","-0.88"
"May 08, 2023","77.7205","77.5345","79.3332","76.0023","-0.11"
"May 09, 2023","77.6930","78.4500","79.3340","76.7773","-0.04"
"May 10, 2023","76.1000","78.0000","79.1340","75.3994","-2.05"
"May 11, 2023","76.9955","76.1100","78.6145","74.6397","1.18"
"May 12, 2023","76.3600","76.5100","78.7970","75.8850","-0.83"
"May 15, 2023","79.7705","77.7100","80.3978","77.3600","4.47"
"May 16, 2023","79.4900","80.0000","81.3228","78.2673","-0.35"
"May 17, 2023","80.2955","80.4900","81.5728","79.5850","1.01"
"May 18, 2023","80.3955","79.7500","81.0463","79.1198","0.12"
"May 19, 2023","79.1000","80.2975","82.0710","78.9960","-1.61"
"May 22, 2023","80.4955","80.0100","80.9978","78.7968","1.76"
"May 23, 2023","80.1500","80.1100","81.1785","79.1538","-0.43"
"May 24, 2023","79.2100","80.1600","81.1028","78.3823","-1.17"
"May 25, 2023","80.0205","80.2100","80.9390","78.9013","1.02"
"May 26, 2023","78.9955","80.2500","81.6097","78.5023","-1.28"
"May 29, 2023","79.2500","79.9600","83.7288","78.1448","0.32"
"May 30, 2023","78.0150","80.2500","82.1463","78.0250","-1.56"
"May 31, 2023","81.5455","81.2350","82.1240","79.1348","4.53"
"Jun 01, 2023","80.9955","80.9400","81.9500","79.7950","-0.67"
"Jun 02, 2023","80.7955","80.5800","81.9508","79.3773","-0.25"
"Jun 05, 2023","79.6000","81.5100","82.4915","79.8548","-1.48"
"Jun 06, 2023","80.3500","80.6000","82.1858","79.6598","0.94"
"Jun 07, 2023","80.5500","81.3500","82.4978","80.3350","0.25"
"Jun 08, 2023","82.0000","81.5500","83.3234","80.2698","1.80"
"Jun 09, 2023","82.7205","82.0100","83.4778","81.4835","0.88"
"Jun 12, 2023","83.8705","82.7000","84.3728","81.6850","1.39"
"Jun 13, 2023","83.9455","82.4100","84.7415","82.3323","0.09"
"Jun 14, 2023","83.9955","84.6150","85.8998","83.4273","0.06"
"Jun 15, 2023","83.4705","84.4600","85.0228","82.6010","-0.63"
"Jun 16, 2023","82.5000","83.8100","84.6700","82.8125","-1.16"
"Jun 19, 2023","83.8455","84.0100","85.0765","82.9350","1.63"
"Jun 20, 2023","82.8500","82.9925","85.4000","82.9235","-1.19"
"Jun 21, 2023","82.6500","83.8500","85.6750","83.0488","-0.24"
"Jun 22, 2023","82.7075","83.6500","84.6296","82.7120","0.07"
"Jun 23, 2023","83.6455","84.0100","86.2478","83.1523","1.13"
"Jun 26, 2023","84.4000","85.0100","87.1080","83.5550","0.90"
"Jun 27, 2023","85.4705","84.4100","86.0878","84.0850","1.27"
"Jun 28, 2023","85.9955","85.3750","87.3728","84.2253","0.61"
"Jun 29, 2023","86.8555","86.1600","88.2818","85.5300","1.00"
"Jun 30, 2023","86.9500","87.3100","90.2978","87.0323","0.11"
"Jul 03, 2023","89.4955","89.5100","90.5203","87.9145","2.93"
"Jul 04, 2023","90.9955","88.8100","91.6693","87.4038","1.68"
"Jul 05, 2023","89.8000","89.1075","91.6697","88.5900","-1.31"
"Jul 06, 2023","91.2455","90.8000","95.4702","89.0938","1.61"
"Jul 07, 2023","91.2555","91.5960","92.8270","89.5023","0.01"
"Jul 10, 2023","90.1000","95.0000","95.0000","89.8945","-1.27"
"Jul 11, 2023","89.5000","91.1000","91.5352","89.0010","-0.67"
"Jul 12, 2023","90.4955","90.5000","91.4125","89.0900","1.11"
"Jul 13, 2023","90.1205","90.9100","91.9840","89.1363","-0.41"
"Jul 14, 2023","90.2455","89.6900","91.0248","89.2825","0.14"
"Jul 17, 2023","89.3500","90.2050","91.3575","89.4700","-0.99"
"Jul 18, 2023","90.7455","90.3500","92.0323","89.1810","1.56"
"Jul 19, 2023","91.7205","91.0000","92.2227","89.5563","1.07"
"Jul 20, 2023","89.4000","91.5850","92.4478","89.8285","-2.53"
"Jul 21, 2023","89.5000","90.4000","91.6817","89.2400","0.11"
"Jul 24, 2023","90.4455","91.0150","92.0298","88.4448","1.06"
"Jul 25, 2023","89.2500","90.4000","91.1918","88.8003","-1.32"
"Jul 26, 2023","89.9955","90.2500","90.8750","88.8973","0.84"
"Jul 27, 2023","90.6955","89.9150","91.2978","88.8075","0.78"
"Jul 28, 2023","91.0600","90.5850","92.7728","89.0510","0.40"
"Jul 31, 2023","91.7455","91.0400","92.9713","89.7138","0.75"
"Aug 01, 2023","92.3955","91.6500","92.8978","90.2698","0.71"
"Aug 02, 2023","93.3100","92.5100","94.9353","90.9775","0.99"
"Aug 03, 2023","93.5000","94.0500","96.8477","92.4425","0.20"
"Aug 04, 2023","94.8750","95.0000","98.0383","92.8477","1.47"
"Aug 07, 2023","94.6250","96.2425","97.9042","94.7425","-0.26"
"Aug 08, 2023","96.2050","95.7500","98.1433","94.2040","1.67"
"Aug 09, 2023","96.8705","96.9700","98.6683","94.9313","0.69"
"Aug 10, 2023","96.3300","96.5200","98.6400","95.5493","-0.56"
"Aug 11, 2023","98.9950","97.0250","100.2328","96.2638","2.77"
"Aug 14, 2023","98.4955","99.6250","102.8777","96.2523","-0.50"
"Aug 15, 2023","98.0000","98.5000","100.9753","93.6438","-0.50"
"Aug 16, 2023","96.3500","97.0100","98.8608","91.8738","-1.68"
"Aug 17, 2023","93.0000","94.1075","97.1203","90.7688","-3.48"
"Aug 18, 2023","94.2000","93.5000","96.8728","90.8938","1.29"
"Aug 21, 2023","93.4955","92.9900","96.2918","92.3155","-0.75"
"Aug 22, 2023","93.5000","93.4650","95.3130","92.5800","0.00"
"Aug 23, 2023","93.9955","94.3275","95.7600","91.4287","0.53"
"Aug 24, 2023","93.5000","94.5875","96.9148","91.9678","-0.53"
"Aug 25, 2023","94.9955","94.7550","97.4183","93.3237","1.60"
"Aug 28, 2023","94.4955","95.5000","96.4065","93.7523","-0.53"
"Aug 29, 2023","95.4205","95.3250","97.4133","92.4638","0.98"
"Aug 30, 2023","96.1455","95.3790","97.6173","95.0023","0.76"
"Aug 31, 2023","94.8750","96.3000","97.2833","94.6523","-1.32"
"Sep 01, 2023","96.4005","96.0725","97.1969","94.8188","1.61"
"Sep 04, 2023","96.8705","96.4625","97.5728","95.4888","0.49"
"Sep 05, 2023","96.9350","96.2500","98.5478","95.7513","0.07"
"Sep 06, 2023","97.4000","96.7700","98.9978","96.7150","0.48"
"Sep 07, 2023","97.5000","97.8000","99.1228","96.3760","0.10"
"Sep 08, 2023","96.7500","98.1100","99.0600","96.7050","-0.77"
"Sep 11, 2023","94.0500","97.3950","97.8853","94.6100","-2.79"
"Sep 12, 2023","95.9955","94.0400","97.4978","92.2600","2.07"
"Sep 13, 2023","96.1955","94.8700","98.3873","92.6925","0.21"
"Sep 14, 2023","95.2500","96.2325","97.3262","94.8419","-0.98"
"Sep 15, 2023","95.8000","96.2500","97.8508","94.8063","0.58"
"Sep 18, 2023","95.9455","95.8100","98.3108","94.8400","0.15"
"Sep 19, 2023","95.0000","94.9300","98.3603","94.7569","-0.99"
"Sep 20, 2023","96.0205","96.5100","97.6248","95.2475","1.07"
"Sep 21, 2023","94.2000","96.0900","97.2478","94.4050","-1.90"
"Sep 22, 2023","95.3000","96.0725","96.9667","94.9563","1.17"
"Sep 25, 2023","94.9050","96.4400","97.0138","94.8375","-0.41"
"Sep 26, 2023","96.5955","94.9150","98.3477","94.8400","1.78"
"Sep 27, 2023","96.0750","95.2000","97.7852","94.2813","-0.54"
"Sep 28, 2023","96.2455","96.7250","97.8978","95.5638","0.18"
"Sep 29, 2023","97.0000","96.5604","98.5050","95.3200","0.78"
"Oct 02, 2023","97.8000","96.6850","100.0977","96.5900","0.82"
"Oct 03, 2023","99.1000","99.9900","100.7353","97.7075","1.33"
"Oct 04, 2023","98.8000","101.0000","101.1728","98.1825","-0.30"
"Oct 05, 2023","99.1250","99.6000","100.7478","98.3850","0.33"
"Oct 06, 2023","100.9955","100.3050","103.0928","97.3553","1.89"
"Oct 09, 2023","98.5000","100.2925","103.4800","98.0963","-2.47"
"Oct 10, 2023","100.2955","99.2500","101.2978","97.8553","1.82"
"Oct 11, 2023","99.5000","100.3950","101.0938","97.7500","-0.79"
"Oct 12, 2023","97.7205","99.0050","99.8800","95.3413","-1.79"
"Oct 13, 2023","97.6955","97.3150","98.3288","95.9688","-0.03"
"Oct 16, 2023","97.4205","97.6450","98.1978","96.6975","-0.28"
"Oct 17, 2023","98.0205","97.3875","98.1973","96.8675","0.62"
"Oct 18, 2023","98.1055","97.5150","98.3903","96.3930","0.09"
"Oct 19, 2023","96.1700","97.4250","98.4965","95.8350","-1.97"
"Oct 20, 2023","95.4455","96.1850","97.2990","95.0225","-0.75"
"Oct 23, 2023","94.4955","95.3375","96.1037","93.5725","-1.00"
"Oct 24, 2023","93.4705","94.2300","94.7738","92.3715","-1.08"
"Oct 25, 2023","93.9955","93.3565","94.2228","92.5087","0.56"
"Oct 26, 2023","93.6455","93.1725","94.4303","92.6838","-0.37"
"Oct 27, 2023","94.1955","93.8550","95.7748","91.6375","0.59"
"Oct 30, 2023","92.5455","93.8500","94.4315","92.3828","-1.75"
"Oct 31, 2023","93.5955","93.0900","93.9923","91.4523","1.13"
"Nov 01, 2023","92.5955","93.3250","93.8715","91.8783","-1.07"
"Nov 02, 2023","93.2705","92.7525","94.1408","91.9450","0.73"
"Nov 03, 2023","92.8455","93.0075","94.0832","91.8383","-0.46"
"Nov 06, 2023","92.6455","92.1950","92.9992","91.7518","-0.22"
"Nov 07, 2023","92.0955","92.8425","93.2605","91.3313","-0.59"
"Nov 08, 2023","91.8455","92.2100","92.7303","91.3523","-0.27"
"Nov 09, 2023","91.6705","91.9100","92.6853","91.4298","-0.19"
"Nov 10, 2023","92.2705","92.0775","92.5358","91.3843","0.65"
"Nov 13, 2023","91.9105","92.3675","92.6108","91.2568","-0.39"
"Nov 14, 2023","90.5205","91.7600","92.0768","90.0423","-1.51"
"Nov 15, 2023","89.4455","90.5000","91.5538","88.1902","-1.19"
"Nov 16, 2023","89.3455","89.4550","90.0138","88.1788","-0.11"
"Nov 17, 2023","89.7230","88.9400","90.7633","88.0400","0.42"
"Nov 20, 2023","88.5455","89.9200","90.2285","86.6760","-1.31"
"Nov 21, 2023","88.2405","88.0050","88.9408","86.7525","-0.34"
"Nov 22, 2023","88.3955","87.6925","88.7202","87.5065","0.18"
"Nov 23, 2023","88.5705","88.1550","89.7107","87.1150","0.20"
"Nov 24, 2023","89.2955","88.5400","90.3783","88.0257","0.82"
"Nov 27, 2023","89.0705","88.9200","89.3188","88.0190","-0.25"
"Nov 28, 2023","88.8705","88.7325","89.8595","88.0420","-0.22"
"Nov 29, 2023","88.6955","88.8500","89.7707","87.9493","-0.20"
"Nov 30, 2023","89.9705","88.5050","90.4818","87.8650","1.44"
"Dec 01, 2023","91.2205","89.3200","91.2250","88.5728","1.39"
"Dec 04, 2023","91.4955","91.2000","91.8663","90.1602","0.30"
"Dec 05, 2023","90.2025","91.4750","92.8388","89.4400","-1.41"
"Dec 06, 2023","92.6500","90.2125","93.5288","90.2125","2.71"
"Dec 07, 2023","92.4205","92.8100","93.5750","91.7928","-0.25"
"Dec 08, 2023","92.1455","92.3400","92.5453","90.5183","-0.30"
"Dec 11, 2023","90.5280","92.1325","92.2100","89.7200","-1.76"
"Dec 12, 2023","90.2505","90.4875","91.3393","89.5218","-0.31"
"Dec 13, 2023","89.3455","90.3000","90.5933","88.6425","-1.00"
"Dec 14, 2023","89.5205","89.3450","90.9543","88.3400","0.20"
"Dec 15, 2023","90.6455","89.9625","91.1223","88.0500","1.26"
"Dec 18, 2023","90.5205","90.0000","91.5507","89.6833","-0.14"
"Dec 19, 2023","90.4705","90.5200","90.9323","89.6305","-0.06"
"Dec 20, 2023","89.6480","90.4700","91.7227","89.4050","-0.91"
"Dec 21, 2023","92.8705","90.8100","93.1753","90.0610","3.59"
"Dec 22, 2023","92.1205","92.0950","93.2348","90.3550","-0.81"
"Dec 25, 2023","91.9825","92.1000","92.5000","89.5325","-0.15"
"Dec 26, 2023","91.6275","91.4550","91.9425","91.4275","-0.39"
"Dec 27, 2023","91.6205","91.8925","92.7713","90.8805","-0.01"
"Dec 28, 2023","88.4955","91.0375","91.9688","88.0822","-3.41"
"Dec 29, 2023","89.2455","88.4750","91.2003","88.4727","0.85"
"Jan 01, 2024","89.2455","89.2455","89.2455","89.2455","0.00"
"Jan 02, 2024","90.4205","90.5570","91.3258","89.8313","1.32"
"Jan 03, 2024","91.9955","90.9025","92.8350","89.8650","1.74"
"Jan 04, 2024","91.3455","91.8750","92.6538","90.9338","-0.71"
"Jan 05, 2024","90.9205","91.3100","92.2013","90.4525","-0.47"
"Jan 08, 2024","90.8980","91.0025","91.3900","89.7003","-0.02"
"Jan 09, 2024","89.6330","91.1650","91.7338","89.1523","-1.39"
"Jan 10, 2024","89.3780","89.6087","90.1490","88.9090","-0.28"
"Jan 11, 2024","88.4955","89.3500","89.5507","88.0532","-0.99"
"Jan 12, 2024","87.9560","88.3750","89.0553","87.7760","-0.61"
"Jan 15, 2024","87.7205","88.2400","88.6450","87.1550","-0.27"
"Jan 16, 2024","88.0955","87.6100","88.8423","86.6150","0.43"
"Jan 17, 2024","88.6205","88.0100","89.3673","87.2298","0.60"
"Jan 18, 2024","89.4205","89.0575","90.3273","88.0075","0.90"
"Jan 19, 2024","88.1705","89.1400","89.5478","87.1738","-1.40"
"Jan 22, 2024","87.9955","88.3425","88.5950","87.3278","-0.20"
"Jan 23, 2024","88.8692","87.7650","89.0483","87.4375","0.99"
"Jan 24, 2024","88.7455","88.7192","89.0283","87.9133","-0.14"
"Jan 25, 2024","89.0205","88.5775","89.4938","88.3348","0.31"
"Jan 26, 2024","89.7455","89.0525","90.2363","88.7538","0.81"
"Jan 29, 2024","89.2705","89.7450","90.4738","87.6600","-0.53"
"Jan 30, 2024","89.5705","88.9625","90.1028","88.3688","0.34"
"Jan 31, 2024","89.9455","89.6250","90.1595","88.9060","0.42"
"Feb 01, 2024","90.4155","90.1850","91.0153","89.6275","0.52"
"Feb 02, 2024","90.9955","90.4750","91.3933","89.9203","0.64"
"Feb 05, 2024","90.5455","91.1600","91.5440","90.1201","-0.49"
"Feb 06, 2024","90.5150","90.6700","91.6782","89.2425","-0.03"
"Feb 07, 2024","91.5955","90.5250","92.0603","90.3675","1.19"
"Feb 08, 2024","91.1705","91.5950","91.9765","90.7598","-0.46"
"Feb 09, 2024","90.9955","90.9650","92.3228","90.2970","-0.19"
"Feb 12, 2024","91.2205","90.9950","91.4628","90.6447","0.25"
"Feb 13, 2024","91.4955","91.1750","91.8313","88.6725","0.30"
"Feb 14, 2024","91.6455","91.3100","92.1673","90.8933","0.16"
"Feb 15, 2024","92.2705","91.7135","92.8218","89.4950","0.68"
"Feb 16, 2024","91.9955","92.3099","93.7438","91.6883","-0.30"
"Feb 19, 2024","92.3455","91.9950","93.0173","91.0100","0.38"
"Feb 20, 2024","92.1060","92.2800","92.9325","91.0100","-0.26"
"Feb 21, 2024","91.9955","92.3550","93.4228","91.0100","-0.12"
"Feb 22, 2024","93.0455","91.9000","94.8038","91.3668","1.14"
"Feb 23, 2024","93.6205","93.3500","96.2478","91.7688","0.62"
"Feb 26, 2024","91.8740","93.2100","94.2563","91.5232","-1.87"
"Feb 27, 2024","92.0205","92.2100","92.6750","91.4398","0.16"
"Feb 28, 2024","91.5455","92.0200","92.3960","90.9735","-0.52"
"Feb 29, 2024","91.4955","91.0875","92.0208","90.0475","-0.05"
"Mar 01, 2024","91.6967","91.2750","92.6833","90.4900","0.22"
"Mar 04, 2024","91.2180","91.7775","91.8983","90.9510","-0.52"
"Mar 05, 2024","90.9705","91.4500","91.6252","90.2808","-0.27"
"Mar 06, 2024","90.7505","90.7000","91.4933","89.7308","-0.24"
"Mar 07, 2024","90.6455","90.7525","91.3540","90.3220","-0.12"
"Mar 08, 2024","90.9449","90.6520","91.4663","90.3523","0.33"
"Mar 11, 2024","90.9955","90.7950","92.5438","88.8050","0.06"
"Mar 12, 2024","91.6855","90.8000","92.0983","90.5270","0.76"
"Mar 13, 2024","91.3455","91.7325","92.4288","90.5700","-0.37"
"Mar 14, 2024","91.5205","91.6800","92.0493","91.1362","0.19"
"Mar 15, 2024","92.5205","91.6250","93.0133","91.4280","1.09"
"Mar 18, 2024","91.4420","93.1575","93.4620","91.3315","-1.17"
"Mar 19, 2024","92.2430","91.7300","93.0808","91.3025","0.88"
"Mar 20, 2024","92.2455","92.4700","92.9635","92.0000","0.00"
"Mar 21, 2024","91.8705","92.2750","92.5283","91.4273","-0.41"
"Mar 22, 2024","92.1205","92.8215","93.9803","91.5018","0.27"
"Mar 25, 2024","92.8955","92.9060","93.4593","92.1478","0.84"
"Mar 26, 2024","92.4705","92.7300","93.1553","91.5750","-0.46"
"Mar 27, 2024","92.4455","92.7750","93.0000","91.8473","-0.03"
"Mar 28, 2024","92.3230","92.2125","93.0393","91.5728","-0.13"
"Mar 29, 2024","92.5705","92.6425","92.6600","92.1400","0.27"
"Apr 01, 2024","92.2825","92.3100","92.4425","92.1200","-0.31"
"Apr 02, 2024","92.4705","92.4500","93.3900","91.9850","0.20"
"Apr 03, 2024","92.2955","92.4500","92.9702","91.6503","-0.19"
"Apr 04, 2024","92.2455","92.3300","94.5400","90.8283","-0.05"
"Apr 05, 2024","92.5080","92.3850","92.9723","91.3750","0.28"
"Apr 08, 2024","92.6205","92.4625","93.0363","91.7978","0.12"
"Apr 09, 2024","92.8955","92.4250","93.9493","91.5600","0.30"
"Apr 10, 2024","93.2955","92.9475","93.8438","92.4700","0.43"
"Apr 11, 2024","92.8670","93.5650","95.0075","92.5618","-0.46"
"Apr 12, 2024","93.2955","93.3500","94.5898","92.8805","0.46"
"Apr 15, 2024","93.4955","93.2450","94.0248","93.1170","0.21"
"Apr 16, 2024","94.1455","93.9250","94.7767","92.9800","0.70"
"Apr 17, 2024","94.0705","94.4100","95.0147","93.7220","-0.08"
"Apr 18, 2024","93.7950","94.2600","95.5818","93.4013","-0.29"
"Apr 19, 2024","93.0205","93.9750","95.1163","92.2820","-0.83"
"Apr 22, 2024","93.4320","93.1400","94.2593","91.2250","0.44"
"Apr 23, 2024","93.1955","93.3000","95.0345","91.6775","-0.25"
"Apr 24, 2024","92.2957","93.1425","93.9603","91.6135","-0.97"
"Apr 25, 2024","92.2155","92.3250","92.6687","91.7863","-0.09"
"Apr 26, 2024","91.8755","92.2044","93.1088","90.8475","-0.37"
"Apr 29, 2024","93.3205","92.7575","93.8848","91.4553","1.57"
"Apr 30, 2024","93.4455","93.3350","93.8717","92.4800","0.13"
"May 01, 2024","93.2830","93.6165","94.5500","93.2200","-0.17"
"May 02, 2024","91.1205","93.0475","94.6488","90.2463","-2.32"
"May 03, 2024","90.8790","92.5000","94.1858","90.4178","-0.27"
"May 06, 2024","91.0730","91.5300","92.8477","89.7498","0.21"
"May 07, 2024","91.4455","91.3495","91.8433","90.8148","0.41"
"May 08, 2024","91.6218","91.6340","92.4317","91.2308","0.19"
"May 09, 2024","92.5455","91.7500","93.1250","91.7500","1.01"
"May 10, 2024","92.6705","91.0100","93.1558","91.0100","0.14"
"May 13, 2024","91.5955","90.9000","93.0760","90.6640","-1.16"
"May 14, 2024","91.3205","91.3850","91.9663","90.2305","-0.30"
"May 15, 2024","90.7460","91.2600","91.6795","90.7933","-0.63"
"May 16, 2024","90.8705","90.9250","91.3127","89.9175","0.14"
"May 17, 2024","90.9955","91.0500","91.3108","90.6255","0.14"
"May 20, 2024","90.6630","90.9100","91.7608","88.5857","-0.37"
"May 21, 2024","90.2205","90.7000","90.9373","89.8653","-0.49"
"May 22, 2024","90.1955","90.5000","91.6873","89.2003","-0.03"
"May 23, 2024","91.6205","90.2225","92.4257","88.1475","1.58"
"May 24, 2024","89.5955","91.4676","92.3338","87.8475","-2.21"
"May 27, 2024","88.9455","89.5275","90.0158","87.3293","-0.73"
"May 28, 2024","88.5705","88.6100","89.5533","87.7322","-0.42"
"May 29, 2024","89.5705","88.6875","90.2053","88.2082","1.13"
"May 30, 2024","90.3955","89.5725","90.4500","89.1175","0.92"
"May 31, 2024","90.3755","90.3242","91.3478","88.5425","-0.02"
"Jun 03, 2024","89.3205","90.0075","90.4978","88.7463","-1.17"
"Jun 04, 2024","88.5330","89.2150","89.5868","88.3680","-0.88"
"Jun 05, 2024","89.0455","88.9475","89.4253","88.1600","0.58"
"Jun 06, 2024","89.3100","88.7850","89.5592","88.3253","0.30"
"Jun 07, 2024","88.6330","89.3200","89.4998","87.9425","-0.76"
"Jun 10, 2024","88.8705","89.0300","90.2788","87.1300","0.27"
"Jun 11, 2024","89.2455","88.8500","89.4913","87.5600","0.42"
"Jun 12, 2024","88.9955","89.2450","89.8028","88.4273","-0.28"
"Jun 13, 2024","87.8705","89.3750","91.9978","86.6408","-1.26"
"Jun 14, 2024","89.6118","88.5100","91.4583","86.7780","1.98"
"Jun 17, 2024","88.7205","89.1100","92.1863","86.6042","-0.99"
"Jun 18, 2024","85.3705","88.7200","90.9728","84.2618","-3.78"
"Jun 19, 2024","82.6340","85.7500","88.4970","81.3545","-3.21"
"Jun 20, 2024","87.2455","83.1250","90.1228","82.1390","5.58"
"Jun 21, 2024","89.0705","87.3750","95.3500","83.8725","2.09"
"Jun 24, 2024","87.9955","87.1100","92.2943","84.4185","-1.21"
"Jun 25, 2024","88.2455","87.3100","90.1978","83.8915","0.28"
"Jun 26, 2024","88.2455","87.5000","90.2003","84.4897","0.00"
"Jun 27, 2024","84.9955","88.2500","89.9293","82.0623","-3.68"
"Jun 28, 2024","85.7455","85.0000","88.2500","84.8100","0.88"
"Jul 01, 2024","86.7455","84.9100","87.5500","84.9100","1.17"
"Jul 02, 2024","87.8455","86.9100","88.7500","86.3500","1.27"
"Jul 03, 2024","87.8455","87.8500","88.4750","86.5800","0.00"
"Jul 04, 2024","88.9955","88.5000","89.1000","87.0100","1.31"
"Jul 05, 2024","87.9955","88.0100","88.6750","87.7100","-1.12"
"Jul 08, 2024","86.6205","88.3750","90.0250","86.6250","-1.56"
"Jul 09, 2024","86.4955","87.2500","88.5000","86.5000","-0.14"
"Jul 10, 2024","88.3455","87.5000","89.0000","87.3100","2.14"
"Jul 11, 2024","86.9955","87.5100","88.5750","87.0000","-1.53"
"Jul 12, 2024","87.8705","87.0000","88.1500","87.0000","1.01"
"Jul 15, 2024","88.3455","87.3600","88.6000","87.2100","0.54"
"Jul 16, 2024","88.3955","88.0575","88.9250","87.4100","0.06"
"Jul 17, 2024","88.4955","88.5000","88.6000","87.9100","0.11"
"Jul 18, 2024","88.3955","88.5000","88.5000","87.5100","-0.11"
"Jul 19, 2024","87.6955","88.4000","88.4000","87.0500","-0.79"
"Jul 22, 2024","87.8455","87.9100","88.5000","87.3250","0.17"
"Jul 23, 2024","87.8455","87.9100","88.3000","85.9250","0.00"
"Jul 24, 2024","86.2405","87.2100","87.8000","86.1950","-1.83"
"Jul 25, 2024","84.9955","87.0675","87.0675","84.8500","-1.44"
"Jul 26, 2024","86.0955","85.0000","87.3600","85.0000","1.29"
"Jul 29, 2024","86.3955","86.0100","87.0000","85.3500","0.35"
"Jul 30, 2024","85.7455","86.4100","86.7000","85.7500","-0.75"
"Jul 31, 2024","86.1500","86.2100","86.5750","85.0000","0.47"
"Aug 01, 2024","85.4955","86.1600","86.3500","85.2000","-0.76"
"Aug 02, 2024","85.4955","85.9600","85.9600","85.3500","0.00"
"Aug 05, 2024","84.8705","85.6600","87.0000","84.6100","-0.73"
"Aug 06, 2024","85.6705","85.5650","85.8600","84.5100","0.94"
"Aug 07, 2024","85.7705","85.2500","86.2500","84.7500","0.12"
"Aug 08, 2024","86.7000","86.2100","87.2488","85.8500","1.08"
"Aug 09, 2024","88.5955","86.7100","89.0100","86.7100","2.19"
"Aug 12, 2024","90.9955","89.0100","91.8000","88.4500","2.71"
"Aug 13, 2024","90.4955","91.0100","96.4000","90.5000","-0.55"
"Aug 14, 2024","89.7955","92.0000","93.0000","88.0000","-0.77"
"Aug 15, 2024","88.8705","89.0100","90.5000","88.2500","-1.03"
"Aug 16, 2024","89.4455","89.0100","91.0100","87.7500","0.65"
"Aug 19, 2024","89.8205","89.0100","90.1500","89.0100","0.42"
"Aug 20, 2024","91.1455","90.0000","91.9100","89.1250","1.48"
"Aug 21, 2024","91.4955","91.4100","92.3750","90.8750","0.38"
"Aug 22, 2024","91.3000","91.6100","92.5000","90.6500","-0.21"
"Aug 23, 2024","91.4955","91.3100","91.9100","91.1100","0.21"
"Aug 26, 2024","91.9955","91.3100","92.5000","91.2100","0.55"
"Aug 27, 2024","91.4955","91.8150","92.3100","90.9500","-0.54"
"Aug 28, 2024","91.4955","91.0100","92.1000","91.0100","0.00"
"Aug 29, 2024","91.9955","91.4100","92.2500","91.1100","0.55"
"Aug 30, 2024","90.6455","91.5000","92.2500","90.4500","-1.47"
"Sep 02, 2024","89.7955","91.8100","91.8100","89.0000","-0.94"
"Sep 03, 2024","87.7912","89.5000","90.3000","87.1000","-2.23"
"Sep 04, 2024","87.4968","87.8159","90.0100","87.2500","-0.34"
"Sep 05, 2024","88.2455","89.5100","90.7500","88.2500","0.86"
"Sep 06, 2024","90.3455","89.5000","90.5000","89.1850","2.38"
"Sep 09, 2024","90.5455","89.7100","91.2750","89.7100","0.22"
"Sep 10, 2024","90.9955","90.7100","91.6250","90.0000","0.50"
"Sep 11, 2024","91.5705","90.9600","92.2250","90.5000","0.63"
"Sep 12, 2024","89.1955","91.0100","91.5750","89.2000","-2.59"
"Sep 13, 2024","89.9955","91.1100","91.5000","90.0000","0.90"
"Sep 16, 2024","91.3955","90.8600","91.5000","90.7500","1.56"
"Sep 17, 2024","91.4955","90.7150","91.6000","90.4000","0.11"
"Sep 18, 2024","93.6205","90.9650","93.8500","90.9361","2.32"
"Sep 19, 2024","92.1705","92.1250","93.7000","91.6600","-1.55"
"Sep 20, 2024","92.3455","92.8100","93.1250","92.2500","0.19"
"Sep 23, 2024","91.4705","92.5100","93.3000","91.4750","-0.95"
"Sep 24, 2024","92.7955","92.8100","93.5500","92.5000","1.45"
"Sep 25, 2024","92.4955","92.4300","93.0100","91.2500","-0.32"
"Sep 26, 2024","92.6130","92.0650","92.8250","91.7500","0.13"
"Sep 27, 2024","94.3205","92.3500","94.3250","92.3500","1.84"
"Sep 30, 2024","92.9955","92.9100","93.6750","92.0000","-1.40"
"Oct 01, 2024","95.8455","92.9100","95.8500","92.7000","3.06"
"Oct 02, 2024","95.6455","95.6650","97.1500","93.6600","-0.21"
"Oct 03, 2024","94.7455","94.5100","95.3500","94.4100","-0.94"
"Oct 04, 2024","94.9955","94.5000","96.0000","94.5000","0.26"
"Oct 07, 2024","96.1955","95.5100","96.5000","95.5100","1.26"
"Oct 08, 2024","96.7455","96.0600","96.8000","96.0100","0.57"
"Oct 09, 2024","96.9955","97.0000","100.3000","96.3100","0.26"
"Oct 10, 2024","96.5955","97.1600","97.6000","96.6000","-0.41"
"Oct 11, 2024","95.7955","97.2100","97.2100","95.2000","-0.83"
"Oct 14, 2024","95.5955","95.6100","96.4500","95.6000","-0.21"
"Oct 15, 2024","96.7000","94.5000","99.1250","94.0000","1.16"
"Oct 16, 2024","96.7000","96.7500","97.7500","96.7500","0.00"
"Oct 17, 2024","96.7000","96.7500","97.7000","96.7500","0.00"
"Oct 18, 2024","96.7000","96.7500","97.2500","95.2500","0.00"
"Oct 21, 2024","96.7955","96.3100","97.5500","95.7500","0.10"
"Oct 22, 2024","95.7455","96.3100","97.1000","95.7500","-1.08"
"Oct 23, 2024","95.9955","96.4100","96.8750","95.9500","0.26"
"Oct 24, 2024","96.2455","96.4100","97.1500","95.5000","0.26"
"Oct 25, 2024","97.2455","96.9500","97.3500","96.3750","1.04"
"Oct 28, 2024","97.1500","96.6600","98.0000","96.6600","-0.10"
"Oct 29, 2024","97.4955","97.1600","98.0000","95.6500","0.36"
"Oct 30, 2024","96.9000","97.1600","98.0000","96.6000","-0.61"
"Oct 31, 2024","97.3705","96.9100","97.3750","96.9100","0.49"
"Nov 01, 2024","97.9955","97.0600","98.2500","97.0000","0.64"
"Nov 04, 2024","98.3500","97.4100","99.0500","97.4100","0.36"
"Nov 05, 2024","97.7955","98.3600","98.7250","97.3000","-0.56"
"Nov 06, 2024","97.2205","95.0000","100.5000","95.0000","-0.59"
"Nov 07, 2024","97.9955","98.3600","98.3600","96.6000","0.80"
"Nov 08, 2024","97.5955","97.9100","98.2100","96.9000","-0.41"
"Nov 11, 2024","95.9955","97.3100","98.7000","95.5000","-1.64"
"Nov 12, 2024","98.2455","97.5600","98.2500","97.5600","2.34"
"Nov 13, 2024","98.4955","97.7500","98.7000","97.7500","0.25"
"Nov 14, 2024","99.5000","98.2600","100.7500","97.5000","1.02"
"Nov 15, 2024","99.9955","99.5100","100.4000","99.0000","0.50"
"Nov 18, 2024","99.7455","99.6600","100.5500","99.5600","-0.25"
"Nov 19, 2024","100.5705","99.8600","101.0750","99.8100","0.83"
"Nov 20, 2024","100.5955","99.8268","100.7500","99.7500","0.02"
"Nov 21, 2024","101.2955","100.0000","101.4500","100.0000","0.70"
"Nov 22, 2024","104.3455","100.5100","104.3500","100.3600","3.01"
"Nov 25, 2024","103.9955","102.2100","104.1500","102.2100","-0.34"
"Nov 26, 2024","105.4955","103.5600","107.9500","102.5000","1.44"
"Nov 27, 2024","113.1455","105.4100","114.5000","103.3100","7.25"
"Nov 28, 2024","107.9955","110.3100","112.0000","105.7500","-4.55"
"Nov 29, 2024","106.4955","108.6100","110.0000","104.5000","-1.39"
"Dec 02, 2024","106.4955","107.3100","108.6000","105.5600","0.00"
"Dec 03, 2024","104.9955","105.5600","107.6000","104.0000","-1.41"
"Dec 04, 2024","104.9955","105.5100","106.0000","103.0000","0.00"
"Dec 05, 2024","100.9955","104.5100","105.0100","97.8500","-3.81"
"Dec 06, 2024","100.5455","102.0100","102.0100","98.5100","-0.45"
"Dec 09, 2024","99.9955","99.0100","100.6500","98.8000","-0.55"
"Dec 10, 2024","103.0455","100.0100","103.0500","99.7100","3.05"
"Dec 11, 2024","105.4955","102.0100","108.7500","101.5100","2.38"
"Dec 12, 2024","104.9955","105.0100","106.0100","103.0000","-0.47"
"Dec 13, 2024","104.4955","104.4100","104.6000","102.0000","-0.48"
"Dec 16, 2024","103.5955","102.0000","104.6250","102.0000","-0.86"
"Dec 17, 2024","104.5955","103.0100","104.7500","101.5500","0.97"
"Dec 18, 2024","104.6705","103.5100","105.4250","102.3000","0.07"
"Dec 19, 2024","103.4955","103.2100","104.2100","101.5000","-1.12"
"Dec 20, 2024","102.9955","103.5000","104.2500","102.0600","-0.48"
"Dec 23, 2024","101.2205","102.7100","103.0100","99.8750","-1.72"
"Dec 24, 2024","99.9955","101.0100","101.0100","99.5000","-1.21"
"Dec 25, 2024","99.5000","99.8600","100.2100","99.4100","-0.50"
"Dec 26, 2024","100.0000","99.5100","100.3100","98.9600","0.50"
"Dec 27, 2024","105.7455","100.0100","107.0000","99.7100","5.75"
"Dec 30, 2024","110.4955","104.0100","111.0000","103.7100","4.49"
"Dec 31, 2024","113.4955","105.0100","113.5000","105.0100","2.72"
"Jan 01, 2025","113.4955","113.4955","113.4955","113.4955","0.00"
"Jan 02, 2025","110.9955","110.0000","115.0000","110.0000","-2.20"
"Jan 03, 2025","110.4955","110.5000","112.0000","110.5000","-0.45"
"Jan 06, 2025","107.4955","109.5100","109.5100","106.4100","-2.72"
"Jan 07, 2025","107.2455","106.5000","107.2500","106.5000","-0.23"
"Jan 08, 2025","104.4955","106.5100","107.0100","104.3750","-2.56"
"Jan 09, 2025","102.2455","104.5100","104.5100","101.6250","-2.15"
"Jan 10, 2025","101.7455","102.1600","102.7500","101.2000","-0.49"
"Jan 13, 2025","102.7455","101.5600","103.0500","101.5600","0.98"
"Jan 14, 2025","102.7000","102.9100","103.5000","101.2000","-0.04"
"Jan 15, 2025","102.4955","102.7100","103.5000","102.0000","-0.20"
"Jan 16, 2025","102.4500","102.9100","103.6250","102.3250","-0.04"
"Jan 17, 2025","102.4955","102.4600","103.3250","101.5000","0.04"
"Jan 20, 2025","100.9955","102.2100","102.4500","101.0000","-1.46"
"Jan 21, 2025","99.4955","101.5100","101.8600","99.2500","-1.49"
"Jan 22, 2025","99.2455","99.5100","99.5100","96.0000","-0.25"
"Jan 23, 2025","99.8705","99.1100","100.3750","98.5000","0.63"
"Jan 24, 2025","97.7955","98.6100","99.5000","97.7500","-2.08"
"Jan 27, 2025","97.3705","97.9100","98.4100","96.6100","-0.43"
"Jan 28, 2025","97.9955","97.0100","98.6750","97.0100","0.64"
"Jan 29, 2025","99.2455","98.1100","99.8750","97.7100","1.28"
"Jan 30, 2025","98.4955","98.3100","98.7600","97.4750","-0.76"
"Jan 31, 2025","98.5705","97.8600","98.8750","97.6100","0.08"
"Feb 03, 2025","99.7455","98.5100","100.3750","98.5100","1.19"
"Feb 04, 2025","100.6955","99.7500","100.7000","98.8100","0.95"
"Feb 05, 2025","97.9955","99.5100","99.8100","97.3750","-2.68"
"Feb 06, 2025","96.7455","97.5100","97.7000","96.4750","-1.28"
"Feb 07, 2025","96.9955","97.0100","97.9000","96.8100","0.26"
"Feb 10, 2025","96.6205","97.3100","98.0750","96.6250","-0.39"
"Feb 11, 2025","96.4955","97.2600","97.2600","95.6250","-0.13"
"Feb 12, 2025","93.9955","96.1100","96.5000","93.1000","-2.59"
"Feb 13, 2025","89.4955","93.0100","93.1000","89.0000","-4.79"
"Feb 14, 2025","91.1205","90.8100","92.2500","89.4000","1.82"
"Feb 17, 2025","91.4955","92.0100","92.3250","90.7500","0.41"
"Feb 18, 2025","91.5455","91.6600","92.3750","90.9100","0.05"
"Feb 19, 2025","89.6205","91.4600","91.5600","87.7500","-2.10"
"Feb 20, 2025","88.6705","89.5100","89.5100","87.8750","-1.06"
"Feb 21, 2025","88.4955","88.0100","89.4000","87.3000","-0.20"
"Feb 24, 2025","87.7455","89.3100","89.3100","87.7500","-0.85"
"Feb 25, 2025","86.5955","88.0100","88.0100","86.2000","-1.31"
"Feb 26, 2025","86.8205","86.2100","87.0100","85.3750","0.26"
"Feb 27, 2025","87.6955","87.0100","88.3100","86.6750","1.01"
"Feb 28, 2025","89.3705","87.5100","89.5000","87.5100","1.91"
"Mar 03, 2025","89.6955","89.5100","90.0500","88.8100","0.36"
"Mar 04, 2025","89.7455","89.7600","89.7600","88.9750","0.06"
"Mar 05, 2025","90.3955","89.5100","90.4000","89.1100","0.72"
"Mar 06, 2025","88.9955","89.7100","90.3000","89.0000","-1.55"
"Mar 07, 2025","89.9955","89.2600","89.4600","88.7500","1.12"
"Mar 10, 2025","87.6205","88.8250","88.8250","87.5000","-2.64"
"Mar 11, 2025","85.6205","88.9100","88.9100","85.1250","-2.28"
"Mar 12, 2025","87.1455","85.8600","87.2500","85.5000","1.78"
"Mar 13, 2025","86.2455","86.8600","87.0750","83.3750","-1.03"
"Mar 14, 2025","85.4955","86.0100","87.0000","85.3500","-0.87"
"Mar 17, 2025","83.4455","85.5100","85.8600","83.2000","-2.40"
"Mar 18, 2025","81.7455","83.0100","84.1000","81.0100","-2.04"
"Mar 19, 2025","83.9955","81.9100","84.2500","81.9100","2.75"
"Mar 20, 2025","84.9205","83.7600","85.7500","83.5000","1.10"
"Mar 21, 2025","84.4955","82.7500","84.8750","82.7500","-0.50"
"Mar 24, 2025","83.8705","84.0000","84.5000","83.5000","-0.74"
"Mar 25, 2025","84.6205","83.5000","84.7500","83.5000","0.89"
"Mar 26, 2025","84.0705","83.6600","84.6500","83.6600","-0.65"
"Mar 27, 2025","84.4955","83.9600","85.0000","83.5000","0.51"
"Mar 28, 2025","84.9455","83.5600","85.7000","83.3750","0.53"
"Mar 31, 2025","82.9955","83.8600","86.5000","83.0000","-2.30"
"Apr 01, 2025","84.4955","84.5100","85.2500","84.3250","1.81"
"Apr 02, 2025","84.2455","84.3100","85.0000","83.8750","-0.30"
"Apr 03, 2025","84.0967","84.3600","84.7100","83.9100","-0.18"
"Apr 04, 2025","84.4955","84.0600","85.7500","83.9000","0.47"
"Apr 07, 2025","86.1455","84.8600","86.5100","84.8600","1.95"
"Apr 08, 2025","85.8455","86.0100","86.1000","85.2100","-0.35"
"Apr 09, 2025","86.1455","85.7100","87.1000","85.5750","0.35"
"Apr 10, 2025","83.4955","85.7100","87.5000","82.5000","-3.08"
"Apr 11, 2025","83.2455","84.0100","85.0000","83.2500","-0.30"
"Apr 14, 2025","82.2500","83.3600","84.0000","82.1500","-1.20"
"Apr 15, 2025","83.5455","82.2600","83.5750","81.8100","1.58"
"Apr 16, 2025","82.9955","82.5100","83.7500","82.0750","-0.66"
"Apr 17, 2025","82.1705","82.8600","82.9250","81.6600","-0.99"
"Apr 18, 2025","82.1000","81.5100","82.1100","80.6100","-0.09"
"Apr 21, 2025","81.0000","81.8100","81.8100","80.3600","-1.34"
"Apr 22, 2025","81.5250","81.0100","81.7250","80.5000","0.65"
"Apr 23, 2025","83.0000","81.4100","84.1000","81.4100","1.81"
"Apr 24, 2025","83.2000","82.9100","83.5500","82.0000","0.24"
"Apr 25, 2025","82.6250","82.6600","83.3500","82.4450","-0.69"
"Apr 28, 2025","82.6500","82.6100","83.0500","82.1750","0.03"
"Apr 29, 2025","82.0000","82.3100","82.4100","80.8750","-0.79"
"Apr 30, 2025","82.0000","81.8100","82.0100","81.1100","0.00"
"May 01, 2025","82.0000","82.0000","82.0000","82.0000","0.00"
"May 02, 2025","82.7500","81.3100","83.0000","81.3100","0.91"
"May 05, 2025","81.3100","82.8600","82.8750","80.5000","-1.74"
"May 06, 2025","81.5000","81.0100","83.0000","80.2500","0.23"
"May 07, 2025","80.6250","81.0000","81.5000","80.5000","-1.07"
"May 08, 2025","82.4100","81.1100","82.8750","81.1100","2.21"
"May 09, 2025","82.5000","83.0000","84.6250","82.2500","0.11"
"May 12, 2025","81.0000","82.4100","82.5100","80.5000","-1.82"
"May 13, 2025","79.8500","80.8100","80.8100","79.3750","-1.42"
"May 14, 2025","80.3750","80.5100","80.6250","80.0000","0.66"
"May 15, 2025","80.0000","80.4600","80.5750","79.8750","-0.47"
"May 16, 2025","81.0000","80.3600","81.0000","80.3600","1.25"
"May 19, 2025","80.7500","80.9100","81.0100","79.7500","-0.31"
"May 20, 2025","80.6250","80.1100","80.8600","79.5000","-0.15"
"May 21, 2025","79.7500","80.7600","80.7600","79.7500","-1.09"
"May 22, 2025","79.6750","79.8100","80.0750","79.3250","-0.09"
"May 23, 2025","79.5000","79.6100","80.0100","79.3500","-0.22"
"May 26, 2025","79.7600","79.8100","79.8600","79.5000","0.33"
"May 27, 2025","80.2500","79.7600","80.2500","79.7100","0.61"
"May 28, 2025","79.8750","80.1100","80.5000","79.3100","-0.47"
"May 29, 2025","76.9000","79.5100","79.7500","76.9000","-3.72"
"May 30, 2025","77.5000","78.8100","79.1250","77.0000","0.78"
"Jun 02, 2025","79.2500","78.5100","79.5750","78.5100","2.26"
"Jun 03, 2025","78.9750","78.9500","79.2500","78.4250","-0.35"
"Jun 04, 2025","79.2500","78.7600","79.2500","78.3100","0.35"
"Jun 05, 2025","77.2500","79.3000","79.8500","77.2500","-2.52"
"Jun 06, 2025","78.8500","78.3750","79.6000","77.3500","2.07"
"Jun 09, 2025","79.0000","78.9600","79.3100","78.5500","0.19"
"Jun 10, 2025","78.4750","78.9100","79.0250","78.4250","-0.66"
"Jun 11, 2025","79.5000","78.5100","79.6250","78.1100","1.31"
"Jun 12, 2025","80.0000","79.1100","80.6250","79.0100","0.63"
"Jun 13, 2025","79.7100","79.8100","79.8250","79.2250","-0.36"
"Jun 16, 2025","78.6250","79.7100","79.7100","78.3750","-1.36"
"Jun 17, 2025","78.5000","78.7500","79.2000","78.3500","-0.16"
"Jun 18, 2025","78.5000","78.3100","79.1000","78.2100","0.00"
"Jun 19, 2025","78.3750","78.4600","78.6250","78.0000","-0.16"
"Jun 20, 2025","78.5000","78.0000","78.5600","78.0000","0.16"
"Jun 23, 2025","78.5000","78.4600","78.7500","78.1000","0.00"
"Jun 24, 2025","78.3750","78.1100","78.8750","78.1100","-0.16"
"Jun 25, 2025","78.2500","78.1250","78.5000","77.8500","-0.16"
"Jun 26, 2025","78.7500","78.1600","79.0000","78.1600","0.64"
"Jun 27, 2025","78.5000","77.8750","78.7500","77.8750","-0.32"
"Jun 30, 2025","78.2000","78.6100","78.7000","78.2000","-0.38"
"Jul 01, 2025","78.5000","78.2600","78.6500","78.2000","0.38"
"Jul 02, 2025","78.9250","78.4100","78.9250","78.4100","0.54"
"Jul 03, 2025","79.0750","78.7600","79.0750","78.6100","0.19"
"Jul 04, 2025","78.7500","79.3000","79.3000","78.0100","-0.41"
"Jul 07, 2025","78.7000","78.7500","79.0750","78.5250","-0.06"
"Jul 08, 2025","78.5000","78.7100","78.7100","78.1600","-0.25"
"Jul 09, 2025","78.1600","78.2100","78.3500","78.0000","-0.43"
"Jul 10, 2025","77.5500","78.1600","78.2500","77.5500","-0.78"
"Jul 11, 2025","77.9600","76.7250","78.0000","77.4000","0.53"
"Jul 14, 2025","78.1000","77.9600","78.7500","77.7000","0.18"
"Jul 15, 2025","78.0750","78.0000","78.2500","77.6000","-0.03"
"Jul 16, 2025","78.3600","78.0000","78.5000","78.0000","0.37"
"Jul 17, 2025","78.0500","78.0000","78.7100","78.0000","-0.40"
"Jul 18, 2025","78.7100","78.0500","78.7100","78.0000","0.85"
"Jul 21, 2025","78.2000","78.7100","78.7100","78.1500","-0.65"
"Jul 22, 2025","78.5000","78.3100","78.5100","77.9500","0.38"
"Jul 23, 2025","78.4000","78.4100","78.6500","78.2500","-0.13"
"Jul 24, 2025","79.2500","78.5100","79.6000","78.2500","1.08"
"Jul 25, 2025","79.4100","80.0000","80.0000","79.2000","0.20"
"Jul 28, 2025","81.3500","79.4100","81.3500","79.3000","2.44"
"Jul 29, 2025","81.1000","81.2100","82.6000","81.0100","-0.31"
"Jul 30, 2025","81.0100","81.2500","82.3500","80.4500","-0.11"
"Jul 31, 2025","81.1000","81.0100","81.6000","79.7100","0.11"
"Aug 01, 2025","80.0000","80.1600","81.1500","80.0000","-1.36"
"Aug 04, 2025","79.8250","80.0100","80.0100","79.6100","-0.22"
"Aug 05, 2025","80.0000","79.7500","80.3000","79.7100","0.22"
"Aug 06, 2025","80.0000","80.0000","80.3250","79.9750","0.00"
"Aug 07, 2025","79.2500","80.1100","80.1100","79.1500","-0.94"
"Aug 08, 2025","80.0000","79.2600","80.1000","79.2600","0.95"
"Aug 11, 2025","79.5000","79.8100","80.1300","79.4600","-0.63"
"Aug 12, 2025","79.4500","79.8600","80.1300","79.4500","-0.06"
"Aug 13, 2025","79.4500","79.9100","79.9600","79.2000","0.00"
"Aug 14, 2025","79.7500","79.7100","79.9000","79.1600","0.38"
"Aug 15, 2025","80.1500","79.7600","80.3000","79.7500","0.50"
"Aug 18, 2025","80.2600","79.8600","80.5000","79.8600","0.14"
"Aug 19, 2025","80.7750","80.2600","80.7750","80.2100","0.64"
"Aug 20, 2025","80.5000","80.3600","80.8000","80.1100","-0.34"
"Aug 21, 2025","80.5750","80.1100","80.6000","80.1100","0.09"
"Aug 22, 2025","80.5500","80.2600","80.9600","80.2600","-0.03"
"Aug 25, 2025","80.7000","80.7100","80.8500","80.4100","0.19"
"Aug 26, 2025","80.5000","80.3100","80.6000","80.0500","-0.25"
"Aug 27, 2025","80.3500","80.4100","80.9500","80.1000","-0.19"
"Aug 28, 2025","80.3100","80.3100","80.5000","79.7500","-0.05"
"Aug 29, 2025","79.9000","80.3100","80.6500","79.9000","-0.51"
"Sep 01, 2025","80.5750","80.0000","81.0000","80.0000","0.84"
"Sep 02, 2025","80.5500","80.3600","80.6600","80.3100","-0.03"
"Sep 03, 2025","81.0000","80.5600","81.0000","80.4000","0.56"
"Sep 04, 2025","81.3000","80.8100","81.4250","80.6100","0.37"
"Sep 05, 2025","81.2500","81.1600","81.5100","81.1250","-0.06"
"Sep 08, 2025","82.4750","81.3100","82.8000","81.3100","1.51"
"Sep 09, 2025","83.7000","82.6600","83.8500","82.6600","1.49"
"Sep 10, 2025","84.5000","84.0100","85.2500","83.8600","0.96"
"Sep 11, 2025","84.5000","85.0100","85.9250","84.5000","0.00"
"Sep 12, 2025","84.0000","85.0100","85.2500","82.5000","-0.59"
"Sep 15, 2025","83.0000","83.8600","83.8600","82.3500","-1.19"
"Sep 16, 2025","83.2000","82.8100","83.2500","82.2100","0.24"
"Sep 17, 2025","84.0000","82.7100","84.0000","82.6250","0.96"
"Sep 18, 2025","83.2500","83.0100","84.0000","82.8100","-0.89"
"Sep 19, 2025","83.5000","83.1100","84.0000","83.1100","0.30"
"Sep 22, 2025","83.6250","83.6100","84.0500","83.4100","0.15"
"Sep 23, 2025","83.6500","83.6600","83.8750","83.1600","0.03"
"Sep 24, 2025","83.7500","83.5600","83.9500","83.4100","0.12"
"Sep 25, 2025","83.9500","83.5100","84.0750","83.4600","0.24"
"Sep 26, 2025","83.3750","83.7100","84.2500","83.3250","-0.68"
"Sep 29, 2025","83.0750","83.2100","83.6000","82.6600","-0.36"
"Sep 30, 2025","82.9000","82.5600","83.3000","82.3500","-0.21"
"Oct 01, 2025","82.5000","82.4600","82.5000","81.0100","-0.48"
"Oct 02, 2025","82.5500","81.2600","82.5500","80.7100","0.06"
"Oct 03, 2025","82.2500","81.1600","82.6500","81.1600","-0.36"
"Oct 06, 2025","83.0000","82.2100","83.4250","82.2100","0.91"
"Oct 07, 2025","82.0750","82.7100","82.7500","80.3100","-1.11"
"Oct 08, 2025","81.5100","82.0100","82.6250","81.0000","-0.69"
"Oct 09, 2025","81.1750","81.5100","82.0000","80.9600","-0.41"
"Oct 10, 2025","81.6250","81.5100","82.5000","81.1000","0.55"
"Oct 13, 2025","81.1500","81.2600","81.7000","80.3750","-0.58"
"Oct 14, 2025","79.5000","80.2100","80.7500","78.8750","-2.03"
"Oct 15, 2025","78.6500","79.8100","79.8100","78.2500","-1.07"
"Oct 16, 2025","80.0100","78.5100","81.0500","78.2600","1.73"
"Oct 17, 2025","81.1750","80.0100","81.8000","79.9100","1.46"
"Oct 20, 2025","80.8500","81.3600","81.5000","80.7100","-0.40"
"Oct 21, 2025","81.3750","80.8100","81.4600","80.5500","0.65"
"Oct 22, 2025","81.5000","81.2100","82.0000","81.2100","0.15"
"Oct 23, 2025","81.2600","81.6600","82.5000","80.7000","-0.29"
"Oct 24, 2025","79.7500","81.2600","81.5750","79.7500","-1.86"
"Oct 27, 2025","79.2500","79.1250","79.5000","78.9250","-0.63"
"Oct 28, 2025","79.2500","79.7100","80.2100","79.2500","0.00"
"Oct 29, 2025","80.0000","79.6100","80.1250","79.2100","0.95"
"Oct 30, 2025","79.9500","79.7100","81.0000","79.7100","-0.06"
"Oct 31, 2025","80.8000","80.4100","80.9500","80.0000","1.06"
"Nov 03, 2025","80.7100","81.0100","81.0100","80.5000","-0.11"
"Nov 04, 2025","81.0000","80.7100","81.1250","80.5100","0.36"
"Nov 05, 2025","81.3500","80.7600","81.3600","80.3600","0.43"
"Nov 06, 2025","81.2500","81.2600","81.6000","80.9100","-0.12"
"Nov 07, 2025","80.9500","81.1100","81.4100","80.9100","-0.37"
"Nov 10, 2025","81.2500","80.9600","81.4100","80.7000","0.37"
"Nov 11, 2025","80.9500","81.3100","81.6000","80.9500","-0.37"
"Nov 12, 2025","81.2750","81.0100","81.4000","80.9100","0.40"
"Nov 13, 2025","80.7000","81.0100","81.5250","80.3100","-0.71"
"Nov 14, 2025","80.8500","80.7000","81.2500","80.4100","0.19"
"Nov 17, 2025","81.2500","80.7100","81.3500","80.7100","0.49"
"Nov 18, 2025","80.9600","81.0600","81.2500","80.9100","-0.36"
"Nov 19, 2025","80.5500","80.9100","81.0100","80.4000","-0.51"
"Nov 20, 2025","80.0500","80.6600","80.7600","80.0500","-0.62"
"Nov 21, 2025","79.1000","80.0600","80.0600","78.5500","-1.19"
"Nov 24, 2025","78.5000","79.0100","79.1100","77.7500","-0.76"
"Nov 25, 2025","78.8750","78.6600","79.2100","78.4100","0.48"
"Nov 26, 2025","78.5000","78.9600","78.9600","78.4750","-0.48"
"Nov 27, 2025","77.9500","78.6100","78.6100","77.9500","-0.70"
"Nov 28, 2025","77.5000","78.3100","78.4600","77.2500","-0.58"
"Dec 01, 2025","77.7250","77.9100","77.9600","77.6000","0.29"
"Dec 02, 2025","77.5000","77.7600","77.7900","77.2500","-0.29"
"Dec 03, 2025","77.6100","77.6100","78.3250","76.5000","0.14"
"Dec 04, 2025","77.2100","77.6100","77.6100","76.0000","-0.52"
"Dec 05, 2025","76.5000","77.2100","77.3000","75.5100","-0.92"
"Dec 08, 2025","76.5500","76.8100","76.9600","76.2500","0.07"
"Dec 09, 2025","77.2000","76.6100","77.3500","76.3000","0.85"
"Dec 10, 2025","78.2500","77.3100","78.8250","77.1250","1.36"
"Dec 11, 2025","80.2500","78.5100","80.2500","78.3500","2.56"
"Dec 12, 2025","80.0500","79.3100","80.0500","79.2100","-0.25"
"Dec 15, 2025","79.5000","79.7100","79.7750","79.0500","-0.69"
"Dec 16, 2025","79.0500","79.6250","79.9500","79.0500","-0.57"
"Dec 17, 2025","80.5000","79.4100","80.8500","79.4100","1.83"
"Dec 18, 2025","79.8100","80.2100","80.5100","79.7100","-0.86"
"Dec 19, 2025","80.5000","79.8100","81.2100","79.8100","0.86"
"Dec 22, 2025","78.8000","80.4600","80.4600","78.6500","-2.11"
"Dec 23, 2025","78.0000","78.3600","78.7600","78.0000","-1.02"
"Dec 24, 2025","79.0000","78.2100","79.0000","78.1600","1.28"
"Dec 25, 2025","78.0100","78.4100","78.4100","77.8100","-1.25"
"Dec 26, 2025","77.5600","77.8100","77.9100","77.2100","-0.58"
"Dec 29, 2025","78.5000","77.5600","78.6000","76.5000","1.21"
"Dec 30, 2025","79.5000","77.9100","79.8000","77.9100","1.27"
"Dec 31, 2025","78.7500","78.4100","82.2500","78.4100","-0.94"
"Jan 01, 2026","78.7500","78.7500","78.7500","78.7500","0.00"
"Jan 02, 2026","80.3000","78.7500","80.3000","78.7500","1.97"
"Jan 05, 2026","80.8600","79.7100","81.3500","79.7100","0.70"
"Jan 06, 2026","80.5000","80.8600","81.3500","80.5000","-0.45"
"Jan 07, 2026","80.5000","80.6000","80.6000","80.5000","0.00"
"Jan 08, 2026","80.1100","80.6100","80.6100","80.0600","-0.48"
"Jan 09, 2026","79.0000","80.1100","80.6000","78.9250","-1.39"
"Jan 12, 2026","78.3250","79.2600","79.2600","77.8250","-0.85"
"Jan 13, 2026","78.7500","78.7600","79.0100","78.3000","0.54"
"Jan 14, 2026","78.5000","78.8600","78.8600","78.3000","-0.32"
"Jan 15, 2026","78.2500","78.4600","78.7500","78.1750","-0.32"
"Jan 16, 2026","78.0000","78.6100","78.6100","77.5100","-0.32"
"Jan 19, 2026","77.5000","77.9100","78.3500","77.5000","-0.64"
"Jan 20, 2026","78.0500","77.6600","78.2000","77.6250","0.71"
"Jan 21, 2026","77.0000","77.8100","77.8100","76.7500","-1.35"
"Jan 22, 2026","76.0000","77.6100","77.6100","75.6100","-1.30"
"Jan 23, 2026","75.5000","75.9100","76.5000","75.5000","-0.66"
"Jan 26, 2026","76.5250","75.8600","76.5250","75.5250","1.36"
"Jan 27, 2026","76.2500","76.4100","77.0100","76.0000","-0.36"
"Jan 28, 2026","76.5500","76.4100","76.6000","75.8100","0.39"
"Jan 29, 2026","75.9600","76.3100","76.3600","75.1250","-0.77"
"Jan 30, 2026","76.0000","75.9600","76.1600","74.9100","0.05"
"Feb 02, 2026","76.7100","76.1600","77.3000","76.1600","0.93"
"Feb 03, 2026","77.0000","76.7100","77.0750","76.5600","0.38"
"Feb 04, 2026","76.7600","77.0000","77.3600","76.1250","-0.31"
"Feb 05, 2026","76.7500","76.7600","76.8600","76.0000","-0.01"
"Feb 06, 2026","77.0000","76.7500","77.7500","76.5000","0.33"
"Feb 09, 2026","77.0000","77.0000","77.5600","76.7500","0.00"
"Feb 10, 2026","77.2600","77.0000","77.5600","77.0000","0.34"
"Feb 11, 2026","77.1000","77.2600","77.4600","76.9500","-0.21"
"Feb 12, 2026","77.2250","77.1000","77.5000","77.0750","0.16"
"Feb 13, 2026","76.6500","77.2250","77.3600","76.5750","-0.74"
"Feb 16, 2026","76.7600","76.6500","77.0100","76.4250","0.14"
"Feb 17, 2026","76.3500","76.7600","76.9100","76.3000","-0.53"
"Feb 18, 2026","76.7500","76.5100","76.8750","76.1100","0.52"
"Feb 19, 2026","76.7500","76.7600","76.9000","76.4250","0.00"
"Feb 20, 2026","76.7250","76.6100","77.2000","76.6100","-0.03"
"Feb 23, 2026","76.9250","76.9100","77.0250","76.7500","0.26"
"Feb 24, 2026","76.6100","76.8100","76.9250","76.3750","-0.41"
"Feb 25, 2026","76.6600","76.6100","77.2500","76.1500","0.07"
"Feb 26, 2026","76.8750","76.6600","77.6600","76.6500","0.28"
"Feb 27, 2026","77.3000","76.8750","77.4250","76.8750","0.55"
"Mar 02, 2026","77.4750","77.4100","77.7500","76.8100","0.23"
"Mar 03, 2026","77.6500","77.4100","77.7250","77.2000","0.23"
"Mar 04, 2026","77.8750","77.5100","78.5100","77.4100","0.29"
"Mar 05, 2026","78.6750","77.8600","78.8500","77.8600","1.03"
"Mar 06, 2026","79.0000","78.7600","79.3600","78.7600","0.41"
"Mar 09, 2026","78.2500","79.1000","79.2500","78.0000","-0.95"
"Mar 10, 2026","79.0500","78.9600","79.0750","78.3500","1.02"
"Mar 11, 2026","79.1600","78.8100","79.6250","78.8100","0.14"
"Mar 12, 2026","79.5000","79.1600","79.8000","79.0100","0.43"
"Mar 13, 2026","80.1000","79.7600","80.6500","79.7600","0.75"
"Mar 16, 2026","81.5100","80.4100","81.5100","80.4100","1.76"
"Mar 17, 2026","82.3750","81.5100","82.5500","81.5100","1.06"
"Mar 18, 2026","83.8750","82.4600","84.0250","82.4600","1.82"
"Mar 19, 2026","86.1500","84.0100","86.9100","84.0100","2.71"
"Mar 20, 2026","83.1250","85.9100","85.9100","83.1250","-3.51"
"Mar 23, 2026","81.9250","83.0000","83.3750","81.9250","-1.44"
"Mar 24, 2026","80.5000","83.5000","83.5000","80.3250","-1.74"
"Mar 25, 2026","81.0000","80.7500","81.3000","80.5000","0.62"
"Mar 26, 2026","81.3750","81.5100","82.8100","81.2500","0.46"
"Mar 27, 2026","81.5000","82.4100","82.4100","80.9600","0.15"
"Mar 30, 2026","81.3000","81.1100","82.0100","81.0000","-0.25"
"Mar 31, 2026","81.3000","81.5100","81.7500","81.1100","0.00"
"Apr 01, 2026","80.3000","81.2600","81.2600","80.2500","-1.23"
"Apr 02, 2026","80.2000","80.4600","80.5600","80.0500","-0.12"
"Apr 03, 2026","80.0100","80.2100","80.2600","79.8100","-0.24"
"Apr 06, 2026","79.0100","79.5100","79.5100","78.8100","-1.25"
"Apr 07, 2026","78.4250","79.0100","79.3000","78.4250","-0.74"
"Apr 08, 2026","78.5500","79.1600","79.1600","78.2100","0.16"
"Apr 09, 2026","77.6250","78.3100","78.6250","77.6250","-1.18"
"Apr 10, 2026","77.0750","78.0100","78.0100","75.5000","-0.71"
"Apr 13, 2026","76.0600","76.8600","77.0750","75.9500","-1.32"
"Apr 14, 2026","75.3750","76.0600","76.3100","75.2000","-0.90"
"Apr 15, 2026","76.0100","75.5100","76.0100","74.6000","0.84"
"Apr 16, 2026","76.3600","76.0100","76.6500","75.4000","0.46"
"Apr 17, 2026","76.0000","76.3600","76.5100","75.6250","-0.47"
"Apr 20, 2026","74.9500","75.9600","76.1600","74.9500","-1.38"
"Apr 21, 2026","75.0600","75.1100","75.1250","74.4000","0.15"
"Apr 22, 2026","75.1000","75.0600","75.4600","74.8000","0.05"
"Apr 23, 2026","75.8750","74.9600","76.1500","74.7000","1.03"
"Apr 24, 2026","75.2500","75.5100","76.0100","75.2500","-0.82"
"Apr 27, 2026","74.8750","75.5600","75.5600","74.7500","-0.50"
"Apr 28, 2026","75.1600","74.8100","75.6250","74.6500","0.38"
"Apr 29, 2026","75.0600","75.1600","75.5500","74.7500","-0.13"
"Apr 30, 2026","74.9500","75.0600","75.3100","74.7750","-0.15"
"May 01, 2026","74.9500","74.9500","74.9500","74.9500","0.00"
"May 04, 2026","75.6100","74.9100","76.5000","74.9100","0.88"
"May 05, 2026","75.5000","75.6100","75.7500","75.2000","-0.15"
"May 06, 2026","74.7500","75.6600","75.8250","74.6100","-0.99"
"May 07, 2026","74.6500","74.8000","74.8000","74.5500","-0.13"
"May 08, 2026","74.2000","74.8100","74.8100","74.1000","-0.60"
"May 11, 2026","73.6000","74.2000","74.5000","73.6000","-0.81"
"May 12, 2026","73.8100","74.0100","74.0600","73.6750","0.29"
"May 13, 2026","73.6100","73.8100","74.1750","73.0500","-0.27"
"May 14, 2026","73.2500","73.6100","73.8100","73.1000","-0.49"
"May 15, 2026","72.8500","73.4100","73.5100","72.8000","-0.55"
"May 18, 2026","72.4600","73.2100","73.3100","72.0750","-0.54"
"May 19, 2026","71.2000","72.4600","72.5000","71.0250","-1.74"
"May 20, 2026","71.5100","71.4600","71.5100","70.0000","0.44"
"","","","","",""
"","Highest:158.3000","Lowest:27.1355","Difference:131.1645","Average:59.8683","Change %:135.9210"
